strategy,model,forecast_target,factory,base_demand,forecast_lower,forecast_upper,inventory,supply_available,factory_capacity,lifecycle,unit_revenue_mclp,pre_tariff_cost_mclp,tariff_rate,tariff_adjusted_cost_mclp,unit_margin_mclp,regulatory_allowed,strategic_weight,min_budget_mclp,max_budget_mclp,prior_year_sales,scenario_base_demand,allocated_mclp,expected_incremental_sales,expected_sales,expected_revenue_mclp,expected_contribution_mclp,expected_incremental_profit_mclp,inventory_depletion_units
Equal,City Hatchback,B_HB,Plant North,4977.0,4230.45,5723.55,3930,1600,2557,mature,13.8,7.0,0.06,7.42,4.68,True,1.0,0,105,2150,4977.0,52.5,14.35,4991.35,68880.63,23307.018,14.658000000000001,3930.0
Equal,Compact Sedan,B-Sedan,Plant North,6690.6,5687.01,7694.19,5984,1450,2557,phase-out,16.2,8.3,0.06,8.798,5.402,True,1.08,30,115,2450,6690.6,82.5,18.45,6709.05,108686.61,36159.788100000005,17.1669,5984.0
Equal,Compact SUV,SUV-A,Plant South,3870.0,3289.5,4450.5,2500,1800,2978,growth,20.5,10.7,0.06,11.342,6.758,True,1.18,45,135,1880,3870.0,97.5,23.725,3893.725,79821.3625,26216.29355,62.83355,2500.0
Equal,Family SUV,SUV-B,Plant South,2830.5,2405.92,3255.07,1695,1450,2978,mature,24.0,13.0,0.06,13.78,7.42,True,1.05,15,125,1620,2830.5,67.5,14.975000000000001,2845.475,68291.4,21045.924499999997,43.61450000000001,1695.0
Equal,Legacy Diesel SUV,not_applicable,Plant South,0.0,0.0,0.0,0,0,2978,phase-out,22.0,12.5,0.08,13.5,5.8,False,0.85,0,0,420,0.0,0.0,0.0,0.0,0.0,0.0,0.0,0.0
ForecastShare,City Hatchback,B_HB,Plant North,4977.0,4230.45,5723.55,3930,1600,2557,mature,13.8,7.0,0.06,7.42,4.68,True,1.0,0,105,2150,4977.0,56.901367043951204,15.23027340879024,4992.23027340879,68892.7777730413,23306.736312509183,14.376312509187109,3930.0
ForecastShare,Compact Sedan,B-Sedan,Plant North,6690.6,5687.01,7694.19,5984,1450,2557,phase-out,16.2,8.3,0.06,8.798,5.402,True,1.08,30,115,2450,6690.6,106.49272379832428,20.369417903865944,6710.969417903866,108717.70457004262,36146.16407171836,3.5428717183595495,5984.0
ForecastShare,Compact SUV,SUV-A,Plant South,3870.0,3289.5,4450.5,2500,1800,2978,growth,20.5,10.7,0.06,11.342,6.758,True,1.18,45,135,1880,3870.0,89.24518594737617,22.81697045421138,3892.8169704542115,79802.74789431134,26218.411900382183,64.95190038218433,2500.0
ForecastShare,Family SUV,SUV-B,Plant South,2830.5,2405.92,3255.07,1695,1450,2978,mature,24.0,13.0,0.06,13.78,7.42,True,1.05,15,125,1620,2830.5,47.360723210348375,11.551322945759225,2842.0513229457592,68209.23175069822,21040.660093047183,38.35009304718508,1695.0
ForecastShare,Legacy Diesel SUV,not_applicable,Plant South,0.0,0.0,0.0,0,0,2978,phase-out,22.0,12.5,0.08,13.5,5.8,False,0.85,0,0,420,0.0,0.0,0.0,0.0,0.0,0.0,0.0,0.0
PriorYearShare,City Hatchback,B_HB,Plant North,4977.0,4230.45,5723.55,3930,1600,2557,mature,13.8,7.0,0.06,7.42,4.68,True,1.0,0,105,2150,4977.0,55.74074074074074,14.998148148148147,4991.998148148148,68889.57444444444,23306.810592592592,14.450592592592578,3930.0
PriorYearShare,Compact Sedan,B-Sedan,Plant North,6690.6,5687.01,7694.19,5984,1450,2557,phase-out,16.2,8.3,0.06,8.798,5.402,True,1.08,30,115,2450,6690.6,93.51851851851852,19.331481481481482,6709.931481481482,108700.89,36153.53134444445,10.910144444444455,5984.0
PriorYearShare,Compact SUV,SUV-A,Plant South,3870.0,3289.5,4450.5,2500,1800,2978,growth,20.5,10.7,0.06,11.342,6.758,True,1.18,45,135,1880,3870.0,93.74074074074073,23.311481481481483,3893.3114814814817,79812.88537037038,26217.258251111114,63.798251111111114,2500.0
PriorYearShare,Family SUV,SUV-B,Plant South,2830.5,2405.92,3255.07,1695,1450,2978,mature,24.0,13.0,0.06,13.78,7.42,True,1.05,15,125,1620,2830.5,57.0,13.190000000000001,2843.69,68248.56,21043.1798,40.86980000000001,1695.0
PriorYearShare,Legacy Diesel SUV,not_applicable,Plant South,0.0,0.0,0.0,0,0,2978,phase-out,22.0,12.5,0.08,13.5,5.8,False,0.85,0,0,420,0.0,0.0,0.0,0.0,0.0,0.0,0.0,0.0
Optimized,City Hatchback,B_HB,Plant North,4977.0,4230.45,5723.55,3930,1600,2557,mature,13.8,7.0,0.06,7.42,4.68,True,1.0,0,105,2150,4977.0,35.0,10.85,4987.85,68832.33,23308.138,15.777999999999999,3930.0
Optimized,Compact Sedan,B-Sedan,Plant North,6690.6,5687.01,7694.19,5984,1450,2557,phase-out,16.2,8.3,0.06,8.798,5.402,True,1.08,30,115,2450,6690.6,80.0,18.25,6708.85,108683.37,36161.207700000006,18.5865,5984.0
Optimized,Compact SUV,SUV-A,Plant South,3870.0,3289.5,4450.5,2500,1800,2978,growth,20.5,10.7,0.06,11.342,6.758,True,1.18,45,135,1880,3870.0,80.0,21.8,3891.8,79781.90000000001,26220.7844,67.3244,2500.0
Optimized,Family SUV,SUV-B,Plant South,2830.5,2405.92,3255.07,1695,1450,2978,mature,24.0,13.0,0.06,13.78,7.42,True,1.05,15,125,1620,2830.5,80.0,17.1,2847.6,68342.4,21049.192,46.882000000000005,1695.0
Optimized,Legacy Diesel SUV,not_applicable,Plant South,0.0,0.0,0.0,0,0,2978,phase-out,22.0,12.5,0.08,13.5,5.8,False,0.85,0,0,420,0.0,0.0,0.0,0.0,0.0,0.0,0.0,0.0
