target,horizon,model,MAE_mean,MAE_std,RMSE_mean,RMSE_std,WAPE_mean,WAPE_std,sMAPE_mean,sMAPE_std,MASE_mean,MASE_std
B-Sedan,3,DeepAR,297.60095825195316,141.64899669916312,345.050803961291,163.18939848540796,12.789606339487209,6.986663454154761,12.378294066504044,6.468208194106619,0.7832257957030885,0.3680155617769899
B-Sedan,3,LastValue,414.66666666666674,212.74310613119573,465.55978360598266,228.7507969624436,17.490269817237202,9.394496005136135,17.441260692223587,9.25418884666726,1.0899108389532324,0.5514199072663013
B-Sedan,3,LeakageSafeEnsemble,265.60387748930196,143.03463301775025,302.2091155215882,154.34821059301612,11.337480585501092,6.758065498057645,11.04843749514842,6.375845995362166,0.6989014867891498,0.37358510206818796
B-Sedan,3,MovingAverage6,292.4437500000001,154.18959084352278,329.53043670957237,181.62591591020424,12.491950578938361,7.027394583916448,12.275501487170397,6.772098769523138,0.7689067411202137,0.40203598531163204
B-Sedan,3,SeasonalNaive,343.82916666666665,176.21554031022742,391.3730805777233,179.82899193909714,14.376819922010442,7.271553431163533,13.623359848795822,6.106185550592606,0.9087010807235977,0.4763001950206758
B-Sedan,3,XGBoost,269.36902364095056,119.76945613103459,306.88549182985776,122.09858390729585,11.398634225069683,5.615781392598198,11.125007261712287,5.330761786824901,0.7095003242698096,0.3148287712110943
B-Sedan,6,DeepAR,321.63188680013025,104.24953545044232,385.1911474755861,119.17913014983412,13.790004444093812,5.111303793461971,13.495382894123559,4.8196659488284554,0.8466267840507726,0.26770601183554743
B-Sedan,6,LastValue,456.16666666666674,127.44099474995144,520.1727139019333,149.21376565590776,19.39819805915015,5.7337212581984796,19.39072531927574,5.709704732777631,1.1997348846409055,0.32474777717137615
B-Sedan,6,LeakageSafeEnsemble,283.19119503591696,105.58320312636037,340.736594281419,112.3191308881955,12.050431065644355,4.88897049136804,11.901990289346651,4.685056890179224,0.7453250205433889,0.2722005507752104
B-Sedan,6,MovingAverage6,332.19236111111115,105.02224610804785,384.753574885046,107.57643784096861,14.235326401869276,5.220510684609878,14.050521578082911,4.793704244425249,0.874540716138972,0.27318983128397684
B-Sedan,6,SeasonalNaive,362.82708333333335,110.96987183626527,427.20364466639523,120.35115656356844,15.312113739360306,4.360379030457146,14.536031686940523,3.642634237635928,0.95874717164582,0.3042237358286259
B-Sedan,6,XGBoost,273.80105743408205,101.19529521068736,327.42094155591974,102.43259489880369,11.60136969222263,4.5275359717590415,11.404097729203414,4.3656256232316535,0.7212820154930882,0.26374610511426677
B-Sedan,12,DeepAR,347.2053476969401,46.82872507367434,424.74711080715554,69.92811879238998,14.65598352966095,1.9682515721395235,14.560299370361113,1.8436949020333717,0.9157323146462063,0.1273921363721267
B-Sedan,12,LastValue,391.01875,49.87328581411923,469.4146662794653,61.985511349223245,16.503804526885258,2.075689146987717,16.685080744398963,2.1645985099624214,1.0298115721440013,0.12111576731220842
B-Sedan,12,LeakageSafeEnsemble,289.47456724260917,65.09559877916548,351.62457627087485,78.94785263018383,12.208818447108236,2.7000696566237576,12.250059148521036,2.646554906081698,0.7635000252540873,0.17357756407139352
B-Sedan,12,MovingAverage6,308.35555555555555,39.223637727953715,378.5003131740345,40.51790036619704,13.009298271110435,1.5759036344492077,13.086134126526218,1.5896397254763799,0.8133084510664654,0.10604814943529145
B-Sedan,12,SeasonalNaive,338.1604166666666,68.7905835122825,403.25209596643106,79.86411834166675,14.270519529517825,2.8792972384629345,13.819520305514928,2.209084589197125,0.8930344455058868,0.1914726637011564
B-Sedan,12,XGBoost,264.1255655924479,74.64683539957244,321.28406032517677,76.48660703565832,11.13392040567651,3.101521206337203,11.111711870767932,3.017530257999608,0.6967909623365743,0.19839253851657096
B_HB,3,DeepAR,246.5185506184896,106.09106923647384,276.62943124867826,117.23784304486675,11.98741126420368,5.731613273516552,11.873694614730148,5.406133319352103,0.6968722130954657,0.3013801209349031
B_HB,3,LastValue,355.27083333333337,148.5463921308066,402.3789830216686,153.90710966880957,17.05768087111418,6.921828166078915,17.27176739826443,7.9172420079620585,1.0024864004776886,0.41208926254014094
B_HB,3,LeakageSafeEnsemble,242.98373724187567,108.82142061367436,267.5621667407106,110.72756380050727,11.84684697796191,5.699808638945215,11.69753415196023,5.510325585415268,0.6866844135369838,0.307601457924613
B_HB,3,MovingAverage6,263.26805555555546,112.95314111498845,309.5645807004427,133.74149325000255,12.650868113747315,5.702911911343154,12.694716631332184,5.539616631993513,0.744281436038043,0.3213371967504023
B_HB,3,SeasonalNaive,332.2708333333333,145.46641944623485,367.5070407658613,162.76464599456682,16.041143716876864,7.422400099142907,15.727163314873435,7.924793524018766,0.9411010784434286,0.41773504860619726
B_HB,3,XGBoost,272.45505879720054,122.88167831624827,300.3456832081445,133.84746184743364,13.141189173203642,6.123134667231694,13.031191997883655,6.057477618018247,0.7690040977673812,0.3449177469111865
B_HB,6,DeepAR,248.95640665690107,37.434531513720955,299.75747435605155,26.40844281737104,11.989333472428829,2.500108607826162,12.0487590904573,2.1075298018761908,0.70400818468934,0.10963164149795236
B_HB,6,LastValue,381.8645833333334,168.39274327328712,446.33215573198305,158.59195578461603,18.32472919593833,8.271828323561943,18.440309153586213,8.23231338717276,1.078083480289599,0.47193143865303266
B_HB,6,LeakageSafeEnsemble,241.33068004961913,51.34254780244143,281.22399800018786,51.290870658841456,11.619278005719751,2.7330303471609168,11.673738451843825,2.588399150307579,0.6820614750101809,0.1455610837189852
B_HB,6,MovingAverage6,275.1319444444444,80.7216524494033,333.6950881281839,63.20348562028758,13.153989126146712,3.8834175901316392,13.327219797861808,3.7971976118963116,0.7781180369488148,0.2304996941503265
B_HB,6,SeasonalNaive,332.7708333333333,92.60607635022728,387.0659815028997,116.22180623124743,15.971021197261543,4.577142996033143,15.723537195635352,4.919364157457606,0.9420779575514453,0.26696359965282934
B_HB,6,XGBoost,262.25873006184895,96.28241222511149,295.85567357880535,102.27324395350372,12.540680863131444,4.517099178874091,12.489064746291374,4.297096622537977,0.7403155671410736,0.27000026568975205
B_HB,12,DeepAR,277.33245340983075,51.44124063004443,344.25990698516586,58.17022762038359,13.145943318414773,2.667728596241396,13.17709100335135,2.270655474492109,0.7841371141725884,0.148644938956126
B_HB,12,LastValue,387.5093750000001,128.81203902419,456.8200870427134,116.34238802589103,18.40698814474825,6.438271089513848,18.51608069106367,6.335711894300945,1.0943386083535627,0.3618804408039005
B_HB,12,LeakageSafeEnsemble,266.57561069896957,48.557888527386645,317.6895913414155,58.50702091556221,12.635020432201083,2.5489446212095634,12.669075652528987,2.136389458454788,0.7540627605063774,0.14125412545359337
B_HB,12,MovingAverage6,297.7944444444444,52.91282967382968,358.4537226822995,52.34925539630224,14.029790101070905,2.1737015775087554,14.165771416390012,2.289681713237236,0.8422759095244992,0.15419443098825192
B_HB,12,SeasonalNaive,359.45624999999995,69.09828859749837,430.9508578968282,80.9312888671637,16.941591681855996,3.036449481063326,16.87718317768834,2.8838722688745655,1.0174230774480886,0.20385995712443572
B_HB,12,XGBoost,277.4827212015788,44.087200831420716,326.4915283560972,50.31286822981673,13.13875459679927,2.279218591629972,13.068087824619255,1.8566079514089238,0.7847412462605239,0.12752755232417204
SUV-A,3,DeepAR,203.63021240234377,73.41226923375001,242.40228068727959,76.88638537417039,14.304278182371549,5.712150119140502,14.629808066285264,5.707074574728763,0.6760717026061028,0.25047963164208287
SUV-A,3,LastValue,221.97916666666669,111.2997068372756,251.79249378753022,124.11129639199949,15.836647528543882,8.687321195802857,16.23591144152664,9.523587047492372,0.7424096838549268,0.3770138708557552
SUV-A,3,LeakageSafeEnsemble,199.25229824803174,65.83653084995741,224.24671139375954,65.69304333478593,14.026121006406719,5.112277128343398,14.323528730080582,5.3931377597985675,0.6634638071857191,0.22857776434323895
SUV-A,3,MovingAverage6,222.41597222222222,110.70975962792933,263.70654967450025,115.27594773367179,15.477697217149643,7.713126264230755,15.835147350428448,7.715097944552926,0.7416531593540464,0.3823756234174585
SUV-A,3,SeasonalNaive,230.6791666666667,105.54924215664111,270.9164794904725,110.61500315265991,16.60821214740712,9.018630508238635,17.055165264810924,8.86818357383326,0.7697576944445795,0.3697044364229738
SUV-A,3,XGBoost,207.54510955810548,75.16574279892463,238.67576858155692,85.04597440432366,14.586008804311858,5.430550047292419,14.90300447269842,5.9137334220694395,0.6923280878832817,0.25919299088226033
SUV-A,6,DeepAR,232.76734161376956,57.35873936087975,271.5631651682269,61.48532707773434,16.58395200935822,5.304484001722542,16.82804695482326,4.638541054234666,0.7720333842762314,0.198585545226661
SUV-A,6,LastValue,277.36875000000003,151.03161354064406,322.06815549128055,160.8586309602707,19.7376511456652,10.528659888369909,20.492217731508358,12.517541926532049,0.924502002502498,0.5065803644986201
SUV-A,6,LeakageSafeEnsemble,223.82967138858768,50.770699050737385,261.2094239594179,48.76046109454473,15.926022460549763,4.520847738907517,16.18598120414956,4.317612398328435,0.7439909591498433,0.1799688991536938
SUV-A,6,MovingAverage6,243.04375,73.99424374851367,287.7667059667357,78.14479681547485,17.43373279197594,7.126423060890783,17.393010536980285,5.665878925185123,0.810119822056171,0.2688871986212017
SUV-A,6,SeasonalNaive,231.18333333333334,73.82197268289197,279.4233757654707,74.94140244849272,16.72837731854546,7.070248532554472,17.08084593717668,6.299943190750242,0.7723055131641662,0.2698699401304673
SUV-A,6,XGBoost,228.6941775004069,75.45722441272292,267.9278904365313,83.59002375303389,16.21624526462182,5.493839557966576,16.536369371419585,5.867798987925929,0.7614305200437042,0.2573940760613956
SUV-A,12,DeepAR,267.7451578776042,60.21239673023067,306.89599640804965,51.38760064611249,18.280421442286787,3.5127919231667097,18.878309518195408,3.5342196078023,0.8899450382694745,0.2190970929701126
SUV-A,12,LastValue,305.253125,112.2186854840841,355.72730632899334,102.35542469771578,20.941106962846312,7.798280375715585,22.231156919084263,9.529136196077381,1.0165261867873057,0.38633481575657896
SUV-A,12,LeakageSafeEnsemble,241.02397032350177,52.20209093358507,282.6144425176694,47.350293571660984,16.458700295514866,2.9743465063371817,16.990711957181173,2.8072144257960496,0.8020421819767304,0.19647450078252804
SUV-A,12,MovingAverage6,249.13680555555558,63.040907671235416,294.44858803448716,51.84914524157702,17.001959225968697,3.706510062548494,17.503137513482663,3.62636838437892,0.8296890277770588,0.23427252239299767
SUV-A,12,SeasonalNaive,249.44270833333337,54.21795107709268,305.17186600627855,47.37640826297597,17.075380797907194,3.331725395590611,18.007326431230425,3.295715996261807,0.8318263756648238,0.21008167538301167
SUV-A,12,XGBoost,231.75403734842936,51.25357901731472,282.9335512282915,46.00097444182212,15.849816192164747,3.151054392200667,16.375763806590367,2.985129064632645,0.7719172769564503,0.1923817842996002
SUV-B,3,DeepAR,225.51275634765625,110.8376665421233,247.21596424199868,124.95415426267805,19.733372557819596,10.191204693283302,19.955975051622435,10.132701327882819,0.6916277353631267,0.33798066458945114
SUV-B,3,LastValue,267.6375,115.83009236644442,300.1371403641304,133.0755527218986,24.32461280644374,14.267570450069664,23.272792909858218,11.291829449393791,0.8223999026370581,0.35930798251602303
SUV-B,3,LeakageSafeEnsemble,201.1931309569645,128.78914575592685,232.17765576717645,143.5463542308739,18.37035558617474,13.777756601606248,17.740197721635827,12.326980271418265,0.6181078588855531,0.3973409342932943
SUV-B,3,MovingAverage6,211.2701388888889,115.53831067666151,252.84268273343517,135.38050246757362,18.905418357808546,11.915061709499291,18.727952262971908,11.069015170705816,0.6497242791778318,0.3582491126482737
SUV-B,3,SeasonalNaive,296.75,87.9225759693116,340.87797431383274,83.84023328551245,26.484558303624237,10.156654589395389,27.356280681408602,10.013053973912909,0.9133906611155151,0.2792069972699031
SUV-B,3,XGBoost,235.04403127034507,125.44205688636576,272.5831230858407,141.33711692475234,21.67790617207758,14.865670423761495,20.71880889029606,11.970054382057764,0.722982889880865,0.3882351015569951
SUV-B,6,DeepAR,219.05909220377603,90.38706172173647,251.17980422575846,96.57437918560606,18.776899848051986,7.727875500329194,19.40528726206092,8.173532404327842,0.669980940754687,0.27029202701947996
SUV-B,6,LastValue,282.0770833333333,120.6353543750687,335.26145536461934,136.90838823011688,24.791069214762068,12.508201329485269,24.13896068490546,10.643834092803704,0.8643355991303521,0.3685745859280931
SUV-B,6,LeakageSafeEnsemble,217.2472339026812,95.78644060814682,265.7931283438905,102.32684325445224,18.92241776610214,9.617564114764704,19.075691399535113,8.943491396750236,0.6652389739160418,0.29225234311689746
SUV-B,6,MovingAverage6,215.35694444444448,109.85791070529527,265.2707414573772,120.58707752893297,19.009771901133117,11.882020835722678,18.857870862720006,10.09867430640206,0.661219755335905,0.3414675315429028
SUV-B,6,SeasonalNaive,296.91666666666663,46.63389070091365,341.0918404285843,43.0768214290238,25.816654715824377,6.297728795467265,27.05962707280385,5.850079759266191,0.91337464731734,0.15480580466656943
SUV-B,6,XGBoost,263.6166585286458,74.24105968664587,320.140512519478,92.30572179260605,23.141159521580423,9.204323120689853,22.985249111032658,7.084289472571654,0.8092128389003709,0.23027847779381927
SUV-B,12,DeepAR,207.2255879720052,58.61038753333762,246.3678715592709,61.38564254376789,17.568076085946252,5.1926484745070605,18.173219620138262,5.80843004674811,0.6346780897944313,0.17165473483748972
SUV-B,12,LastValue,307.70729166666666,92.13614661276434,357.1377437537739,100.40937638229991,26.199583456172398,8.670058060733986,26.11580923664926,7.2281788069258655,0.943126474896936,0.2759008385996064
SUV-B,12,LeakageSafeEnsemble,225.9463618587082,58.59845978269957,274.8982964113318,61.76798540649247,19.223875403114974,5.587249153152761,19.59954423711096,5.806016751008043,0.6926347049466302,0.17490490917201532
SUV-B,12,MovingAverage6,229.76458333333332,51.740387385857694,281.69888404750225,55.29249077868856,19.564431658386887,5.430009863245552,20.000169778906415,4.862036151901401,0.7060149188669405,0.1624934370456955
SUV-B,12,SeasonalNaive,302.76979166666666,19.570450137929654,348.30704454112686,19.28728035410098,25.58307726382997,2.007390582774463,27.217647102255697,1.4685897185909336,0.9305312448300872,0.07276608488297251
SUV-B,12,XGBoost,290.52649574279786,52.7765729291141,336.26096888712783,67.29458694895455,24.699619037378838,5.53008988494019,24.922186937364444,4.27133138782557,0.8917691426412333,0.16074812554242976
