target,origin_number,train_end,horizon,model,ensemble_weight_deepar,MAE,RMSE,WAPE,sMAPE,MASE
B-Sedan,1,2022-08-31,3,LastValue,,525.2999999999998,533.6152327910688,20.1828870019595,22.377360985311633,1.3897652638053848
B-Sedan,1,2022-08-31,3,SeasonalNaive,,170.0999999999999,187.20624099283293,6.535520805317551,6.794659897468359,0.4500267873087681
B-Sedan,1,2022-08-31,3,MovingAverage6,,125.1222222222221,156.1148544430596,4.807400861498525,4.757607108129278,0.33103087411875604
B-Sedan,1,2022-08-31,3,XGBoost,,125.91118164062497,161.86698692918532,4.837713975511007,4.893663471030988,0.33311819259248227
B-Sedan,1,2022-08-31,3,DeepAR,,166.67703450520835,181.0947536020389,6.404004860537456,6.264583619876928,0.4409707839890161
B-Sedan,1,2022-08-31,3,LeakageSafeEnsemble,0.5,81.69290364583337,87.90503152491475,3.138775258225434,3.1297601588304524,0.21613165769346948
B-Sedan,1,2022-08-31,6,LastValue,,433.64999999999986,466.90875089964476,17.269668067143222,18.639682208928235,1.1472905133242053
B-Sedan,1,2022-08-31,6,SeasonalNaive,,437.0333333333333,515.6596713595767,17.404405859434632,16.137685681276544,1.1562416634147092
B-Sedan,1,2022-08-31,6,MovingAverage6,,216.5944444444442,277.10581512804384,8.625652394195425,8.499744142813546,0.573035285022109
B-Sedan,1,2022-08-31,6,XGBoost,,305.40354003906253,370.01811513045163,12.162383864879732,11.612405444210205,0.8079939679982605
B-Sedan,1,2022-08-31,6,DeepAR,,254.1937337239584,293.1521154746477,10.123005663923793,9.858997964472817,0.6725102254074868
B-Sedan,1,2022-08-31,6,LeakageSafeEnsemble,0.5,247.4980346679688,308.32832955161217,9.856356291908517,9.546428323865292,0.6547956814042338
B-Sedan,1,2022-08-31,12,LastValue,,414.9583333333332,468.7263105125064,17.116801242983293,17.97614620751505,1.0978387161493295
B-Sedan,1,2022-08-31,12,SeasonalNaive,,413.49999999999994,497.7917804330106,17.05664580132204,15.74617511609798,1.0939804617999747
B-Sedan,1,2022-08-31,12,MovingAverage6,,321.72499999999985,437.3868714053698,13.270977921234175,13.279929269397034,0.851175003803136
B-Sedan,1,2022-08-31,12,XGBoost,,308.71912434895836,389.8124785565496,12.734492759648075,12.344714490404908,0.8167658771989295
B-Sedan,1,2022-08-31,12,DeepAR,,341.4904622395834,457.3116600276391,14.086292282830264,13.985290754632842,0.9034676991079718
B-Sedan,1,2022-08-31,12,LeakageSafeEnsemble,0.5,308.9544921875001,396.18019715555937,12.744201552526016,12.70404155616477,0.8173885805041307
B-Sedan,2,2022-11-30,3,LastValue,,193.73333333333326,202.86494686531393,8.007494971204979,7.939551248290605,0.5229480028836093
B-Sedan,2,2022-11-30,3,SeasonalNaive,,703.9666666666667,704.8145973705898,29.096745749634895,25.480711465084728,1.9002303635407691
B-Sedan,2,2022-11-30,3,MovingAverage6,,194.43333333333325,203.73108910194983,8.036427764459503,7.967423952275471,0.5248375259497752
B-Sedan,2,2022-11-30,3,XGBoost,,383.9325195312501,407.9710439804454,15.868914587552698,14.938126482987975,1.036356216436371
B-Sedan,2,2022-11-30,3,DeepAR,,328.0891764322917,384.98016040093705,13.560766158233104,12.963011115903738,0.8856172380402365
B-Sedan,2,2022-11-30,3,LeakageSafeEnsemble,0.4303357917116788,359.9010598420711,395.32310501760287,14.875632794993429,14.103625532019946,0.9714876487273169
B-Sedan,2,2022-11-30,6,LastValue,,242.69999999999996,251.59601878143192,9.700110576730925,9.73889561146788,0.6551246402263524
B-Sedan,2,2022-11-30,6,SeasonalNaive,,584.1666666666666,642.4535236108522,23.34767722252568,21.1842420062998,1.576851987359817
B-Sedan,2,2022-11-30,6,MovingAverage6,,242.69999999999996,251.60617374513419,9.700110576730925,9.738865537796736,0.6551246402263524
B-Sedan,2,2022-11-30,6,XGBoost,,331.0307047526042,397.25359893430897,13.230467409944083,12.885830083620878,0.8935573603416801
B-Sedan,2,2022-11-30,6,DeepAR,,269.1238199869792,351.39664213773847,10.756204419884329,10.693760071606876,0.7264509507429394
B-Sedan,2,2022-11-30,6,LeakageSafeEnsemble,0.4303357917116788,292.7354717013554,374.09957976067466,11.699902946990663,11.531709517443018,0.7901863229494934
B-Sedan,2,2022-11-30,12,LastValue,,338.85833333333323,390.35598816977296,14.461400582538769,14.513671273615353,0.914686624279775
B-Sedan,2,2022-11-30,12,SeasonalNaive,,469.2583333333332,537.031913235455,20.02645963660676,18.31500761376621,1.2666777783198093
B-Sedan,2,2022-11-30,12,MovingAverage6,,339.20833333333326,391.2161071581791,14.476337474171622,14.527173825275948,0.915631385812858
B-Sedan,2,2022-11-30,12,XGBoost,,347.1631022135416,404.46072586840444,14.815821819108905,14.572723401056562,0.9371038419345319
B-Sedan,2,2022-11-30,12,DeepAR,,423.49592692057286,528.849400376746,18.073465049618484,17.648314171994375,1.1431504604910012
B-Sedan,2,2022-11-30,12,LeakageSafeEnsemble,0.4303357917116788,371.14467461715657,445.76291453203004,15.839279385332253,15.676787414193145,1.0018377479624696
B-Sedan,3,2023-02-28,3,LastValue,,236.19999999999996,292.7302170941701,9.138509156564353,9.38346722013524,0.6181665469683875
B-Sedan,3,2023-02-28,3,SeasonalNaive,,464.3666666666665,573.3493205135358,17.96621098787722,16.88777254751487,1.2153088012724533
B-Sedan,3,2023-02-28,3,MovingAverage6,,288.7166666666667,289.94066490691966,11.170363683260254,11.42065413744864,0.7556095888465552
B-Sedan,3,2023-02-28,3,XGBoost,,253.57879231770826,305.6716244972823,9.810889566070735,10.047258962214046,0.663649138151785
B-Sedan,3,2023-02-28,3,DeepAR,,221.2395182291666,319.88857882372196,8.559692477269794,8.82365322271979,0.5790129933813445
B-Sedan,3,2023-02-28,3,LeakageSafeEnsemble,0.5420932496143409,236.04786333181787,311.3042941380456,9.132623033214514,9.378913181160843,0.6177683852459599
B-Sedan,3,2023-02-28,6,LastValue,,407.2333333333333,513.2057352238638,17.421746880570403,17.361837815598104,1.0657833339419687
B-Sedan,3,2023-02-28,6,SeasonalNaive,,389.9666666666667,479.2581941570396,16.68306595365419,15.354664550919416,1.0205941903730125
B-Sedan,3,2023-02-28,6,MovingAverage6,,359.2666666666666,428.8035904311746,15.369696969696964,15.574274601952768,0.9402482420583235
B-Sedan,3,2023-02-28,6,XGBoost,,280.1955403645833,342.916569563281,11.986974988859176,12.379530873000316,0.7333086776592544
B-Sedan,3,2023-02-28,6,DeepAR,,410.0848063151041,529.8390963674827,17.54373502952317,17.46007945999407,1.0732460147502454
B-Sedan,3,2023-02-28,6,LeakageSafeEnsemble,0.5420932496143409,344.9488012089544,438.0620120532033,14.757167966158477,15.022323339855179,0.9027765001025576
B-Sedan,3,2023-02-28,12,LastValue,,396.875,486.3000214202476,16.548697474173608,16.576232887100918,1.0386742096870398
B-Sedan,3,2023-02-28,12,SeasonalNaive,,350.2333333333333,447.3085344591583,14.603856324295398,14.068536388898313,0.9166068175270742
B-Sedan,3,2023-02-28,12,MovingAverage6,,372.8916666666666,419.66004197842483,15.548652301876038,15.698333752266928,0.9759066637452172
B-Sedan,3,2023-02-28,12,XGBoost,,315.2305338541666,368.3765597315521,13.144326902361813,13.399532720955312,0.8249998755784571
B-Sedan,3,2023-02-28,12,DeepAR,,399.32265624999997,499.440154932655,16.65075863398972,16.655980897382513,1.0450800488582002
B-Sedan,3,2023-02-28,12,LeakageSafeEnsemble,0.5420932496143409,356.8661703564555,432.94126374738306,14.880429082194349,15.07560010630948,0.933965826668427
B-Sedan,4,2023-05-31,3,LastValue,,706.566666666667,778.4043871921587,33.801626534842946,29.919396658456993,1.8358542436052772
B-Sedan,4,2023-05-31,3,SeasonalNaive,,315.56666666666683,361.4517810165004,15.096475841173667,13.821556554323964,0.8199288637170902
B-Sedan,4,2023-05-31,3,MovingAverage6,,426.8111111111111,525.522431067938,20.418327752086324,19.613381414055862,1.1089724813198327
B-Sedan,4,2023-05-31,3,XGBoost,,397.54679361979174,457.41969429488887,19.01834445637658,18.38885453731316,1.0329357476509398
B-Sedan,4,2023-05-31,3,DeepAR,,517.6219889322917,613.6033449490842,24.762652954821807,23.07581513972519,1.3449240811880236
B-Sedan,4,2023-05-31,3,LeakageSafeEnsemble,0.5566977956799047,464.39241761351155,543.9773372855661,22.216189648230504,21.05537866773625,1.2066190365248086
B-Sedan,4,2023-05-31,6,LastValue,,623.9833333333335,718.0835037329108,28.566087547020093,26.225121947151735,1.6212800638377591
B-Sedan,4,2023-05-31,6,SeasonalNaive,,354.3500000000001,405.0432343178524,16.22221713553231,15.445773221232626,0.9206986147400998
B-Sedan,4,2023-05-31,6,MovingAverage6,,434.96111111111105,491.2729547930672,19.912610667297415,19.286300029311853,1.1301484195451235
B-Sedan,4,2023-05-31,6,XGBoost,,449.0449137369792,497.5886576385291,20.557370098060254,19.761181813543285,1.16674200658593
B-Sedan,4,2023-05-31,6,DeepAR,,508.90843912760414,572.6243097523776,23.29793481482382,22.107757243962247,1.3222838858031083
B-Sedan,4,2023-05-31,6,LeakageSafeEnsemble,0.5566977956799047,482.3708242443018,537.1492444160724,22.083037253384383,21.098803033212054,1.2533318743410997
B-Sedan,4,2023-05-31,12,LastValue,,469.0250000000001,563.9816405108711,19.783058759020186,19.09233350753654,1.218655757805772
B-Sedan,4,2023-05-31,12,SeasonalNaive,,304.4916666666667,371.73064957484115,12.843188600391564,12.632437257729784,0.791152972202354
B-Sedan,4,2023-05-31,12,MovingAverage6,,315.28055555555557,392.1235020160527,13.29825437051774,13.431602214656488,0.819185468476052
B-Sedan,4,2023-05-31,12,XGBoost,,351.84880777994795,403.38470069117346,14.840670835460601,14.781016151027679,0.9141998304528112
B-Sedan,4,2023-05-31,12,DeepAR,,354.3296549479167,440.21420652592576,14.945310769997299,14.925186546868291,0.9206457527074485
B-Sedan,4,2023-05-31,12,LeakageSafeEnsemble,0.5566977956799047,350.33220376562895,420.19523731222813,14.776701822445432,14.776273691502617,0.9102592767203637
B-Sedan,5,2023-08-31,3,LastValue,,323.56666666666666,478.48544735794553,14.201694196134657,13.798140580489346,0.8456808010560547
B-Sedan,5,2023-08-31,3,SeasonalNaive,,393.1333333333332,444.37895239686276,17.255051133121675,17.06998988814129,1.0275017376795206
B-Sedan,5,2023-08-31,3,MovingAverage6,,388.2666666666667,399.9929749383106,17.041447820807303,16.720058790703977,1.0147821129804189
B-Sedan,5,2023-08-31,3,XGBoost,,413.2346842447916,424.44823200927794,18.13732136668629,17.771953720121,1.080039060872405
B-Sedan,5,2023-08-31,3,DeepAR,,462.7762695312499,504.37334996800547,20.311755623088903,19.709834199899444,1.2095220139906875
B-Sedan,5,2023-08-31,3,LeakageSafeEnsemble,0.4369030162502704,434.8795638823984,436.97272084274033,19.087338760913447,18.635058304873212,1.136610583950678
B-Sedan,5,2023-08-31,6,LastValue,,476.9500000000001,606.5618146570059,19.39649037190671,20.01030480963738,1.2465667808705636
B-Sedan,5,2023-08-31,6,SeasonalNaive,,310.5,412.8939734766461,12.62734093820533,12.782408226877209,0.8115294799461368
B-Sedan,5,2023-08-31,6,MovingAverage6,,386.51666666666665,424.72611763346964,15.718768851203427,15.82261499767773,1.010208275331769
B-Sedan,5,2023-08-31,6,XGBoost,,322.78811035156247,356.98334647095163,13.127070918545009,13.295897604396838,0.8436459495214161
B-Sedan,5,2023-08-31,6,DeepAR,,372.88348795572915,430.48254681705635,15.16433794732423,15.291633701084839,0.97457630615528
B-Sedan,5,2023-08-31,6,LeakageSafeEnsemble,0.4369030162502704,344.6749341352686,374.4457256824471,14.017159118130445,14.187253169131878,0.900849823025003
B-Sedan,5,2023-08-31,12,LastValue,,397.95,498.979194623049,16.692066776656134,17.22401894150756,1.0400906813029474
B-Sedan,5,2023-08-31,12,SeasonalNaive,,274.1583333333333,339.32497083670887,11.499608512066215,11.50054458149366,0.7165461181091775
B-Sedan,5,2023-08-31,12,MovingAverage6,,276.2333333333333,332.60137301781134,11.586644668773245,11.559813837872166,0.7219693827497192
B-Sedan,5,2023-08-31,12,XGBoost,,220.22949015299483,267.9425076335169,9.237555863356512,9.163806151330949,0.5755965333741151
B-Sedan,5,2023-08-31,12,DeepAR,,340.2978719075522,397.6316591171496,14.273840436825822,14.070936700050588,0.8894098390206534
B-Sedan,5,2023-08-31,12,LeakageSafeEnsemble,0.4369030162502704,261.5824736386551,299.2629882235546,10.972112369843758,10.923571650848483,0.6836775806602312
B-Sedan,6,2023-11-30,3,LastValue,,711.9333333333335,785.1210777113724,26.97193948425227,30.269347885637593,1.8591096841819783
B-Sedan,6,2023-11-30,3,SeasonalNaive,,227.8666666666668,378.8010207659602,8.63283913823151,8.494826565613128,0.5950404439117898
B-Sedan,6,2023-11-30,3,MovingAverage6,,455.18333333333356,562.8124931982233,17.24484125981866,18.00116743089285,1.18864464333491
B-Sedan,6,2023-11-30,3,XGBoost,,237.13198242187505,323.77232290486097,8.983860117516041,8.769830452212418,0.6192354597103359
B-Sedan,6,2023-11-30,3,DeepAR,,298.3189127604167,323.0767873996375,11.301956637300156,11.458031545498628,0.7790161714873058
B-Sedan,6,2023-11-30,3,LeakageSafeEnsemble,0.4603553830319281,265.2997239555487,303.9436443003105,10.051008661463467,10.090603291366236,0.6927913934121631
B-Sedan,6,2023-11-30,6,LastValue,,629.7333333333335,677.995978355821,24.624608967674668,27.55677370201786,1.6444564169662859
B-Sedan,6,2023-11-30,6,SeasonalNaive,,254.63333333333335,335.1228580685001,9.956986444212724,9.819101294226947,0.664937675693704
B-Sedan,6,2023-11-30,6,MovingAverage6,,372.9833333333334,449.70105903811265,14.584854014598545,15.227762473372477,0.9739913761192174
B-Sedan,6,2023-11-30,6,XGBoost,,164.74114583333343,242.13284745940973,6.441911333420233,6.2263671143825166,0.43019738683676234
B-Sedan,6,2023-11-30,6,DeepAR,,200.9054931640626,240.29704183433265,7.8560542165300795,7.783492376424254,0.5246352860005594
B-Sedan,6,2023-11-30,6,LeakageSafeEnsemble,0.4603553830319281,181.38958201772175,227.4530302520346,7.0929190048639885,6.987626305521362,0.473672340863659
B-Sedan,6,2023-11-30,12,LastValue,,430.6500000000001,513.6766735992594,18.51674023963768,19.447859847887703,1.1245794346281988
B-Sedan,6,2023-11-30,12,SeasonalNaive,,294.39166666666665,359.6746458027495,12.658014676374474,12.582399436404238,0.7687607432004018
B-Sedan,6,2023-11-30,12,MovingAverage6,,270.3833333333333,354.0378805062155,11.625723786045977,11.684461690848725,0.7060664951419661
B-Sedan,6,2023-11-30,12,XGBoost,,164.5928629557292,231.9877201254023,7.0770307410879365,7.103037237122864,0.4298101678081748
B-Sedan,6,2023-11-30,12,DeepAR,,338.406424967448,398.18617122882824,14.550525639258497,14.308315739125751,0.8836988414360677
B-Sedan,6,2023-11-30,12,LeakageSafeEnsemble,0.4603553830319281,216.35521909728422,274.0281167513932,9.302666646962285,9.363207335735474,0.5649799836788201
B-Sedan,7,2024-02-29,3,LastValue,,209.66666666666697,217.0468766572484,8.47092412529966,8.15117148674634,0.5543863814601374
B-Sedan,7,2024-02-29,3,SeasonalNaive,,281.3999999999999,284.82353601250486,11.369084493764642,11.143376022840766,0.7440587968658938
B-Sedan,7,2024-02-29,3,MovingAverage6,,46.91666666666682,58.4049298718295,1.8955207800253246,1.8873042667198938,0.12405386834739981
B-Sedan,7,2024-02-29,3,XGBoost,,239.8390787760418,248.5248294428177,9.689945812052219,9.265083865754715,0.6341662274183583
B-Sedan,7,2024-02-29,3,DeepAR,,95.59560546875007,101.87134597619747,3.862240638972314,3.823011843862899,0.25276741716682605
B-Sedan,7,2024-02-29,3,LeakageSafeEnsemble,0.45767820993713926,157.94884779034314,173.8501474135508,6.381427847267883,6.206124557146739,0.417637632029982
B-Sedan,7,2024-02-29,6,LastValue,,375.61666666666696,425.6067649055094,16.266212441628007,15.39793594441535,0.993180117564953
B-Sedan,7,2024-02-29,6,SeasonalNaive,,237.8166666666666,244.54332608626495,10.298734761928818,10.218680936110115,0.6288187024685761
B-Sedan,7,2024-02-29,6,MovingAverage6,,181.31666666666695,249.96658276657726,7.851982302545646,7.91512010742796,0.4794252340146928
B-Sedan,7,2024-02-29,6,XGBoost,,179.34453938802096,201.7775861773743,7.766578634063456,7.356806582027577,0.47421066880426016
B-Sedan,7,2024-02-29,6,DeepAR,,228.73749186197927,281.73884531182756,9.905557889671499,9.803356628976246,0.6048121641540388
B-Sedan,7,2024-02-29,6,LeakageSafeEnsemble,0.45767820993713926,194.01405779850094,210.94979071862417,8.401847311033524,8.28830797489459,0.5129988145722197
B-Sedan,7,2024-02-29,12,LastValue,,363.96666666666687,455.4751511699991,15.546933399779311,15.205040565574787,0.9623759776094173
B-Sedan,7,2024-02-29,12,SeasonalNaive,,300.3416666666666,337.5276914565677,12.829174527462353,12.879362368484273,0.7941430673372328
B-Sedan,7,2024-02-29,12,MovingAverage6,,254.63333333333347,321.2616029033038,10.876730858220915,11.0389803647928,0.6732841920467386
B-Sedan,7,2024-02-29,12,XGBoost,,188.25294189453132,253.03984438650133,8.04127470449712,8.19069169131618,0.4977656625888771
B-Sedan,7,2024-02-29,12,DeepAR,,283.26366780598966,344.58586227494567,12.099683243768467,12.175734688663727,0.7489865808939052
B-Sedan,7,2024-02-29,12,LeakageSafeEnsemble,0.45767820993713926,226.04857909944258,280.1920003835804,9.655725444748908,9.855522093591151,0.5977023233758924
B-Sedan,8,2024-05-31,3,LastValue,,410.36666666666673,436.21008317858343,19.14708306763924,17.69164947272094,1.0933757876650294
B-Sedan,8,2024-05-31,3,SeasonalNaive,,194.23333333333326,196.15919555299973,9.062631226962376,9.29398584937946,0.5175128514924964
B-Sedan,8,2024-05-31,3,MovingAverage6,,414.1000000000003,439.7240561483483,19.321274709551002,17.8364147971372,1.1033228340640622
B-Sedan,8,2024-05-31,3,XGBoost,,103.77715657552085,125.40920058010371,4.8420839187918965,4.925286602064003,0.2765025513257993
B-Sedan,8,2024-05-31,3,DeepAR,,290.48916015625014,331.5181105707058,13.553781365674144,12.908411844545729,0.7739756663812676
B-Sedan,8,2024-05-31,3,LeakageSafeEnsemble,0.48407616499529527,124.66863985289176,164.39664364997486,5.816848679700068,5.788036268053683,0.33216555672881987
B-Sedan,8,2024-05-31,6,LastValue,,459.46666666666664,501.4231446592787,21.940659620527185,20.195250514989397,1.2241972103951557
B-Sedan,8,2024-05-31,6,SeasonalNaive,,334.1499999999999,382.6543762544297,15.956481599388766,15.345697578581529,0.8903050591705047
B-Sedan,8,2024-05-31,6,MovingAverage6,,463.2000000000002,504.84630554478895,22.118935438685863,20.33949073431022,1.2341442567941885
B-Sedan,8,2024-05-31,6,XGBoost,,157.85996500651038,210.69681107305138,7.538200290009091,7.714762318445695,0.42060010619714217
B-Sedan,8,2024-05-31,6,DeepAR,,328.2178222656251,381.9985821092257,15.673205571069579,14.963985706467115,0.8744994393925232
B-Sedan,8,2024-05-31,6,LeakageSafeEnsemble,0.48407616499529527,177.89785451326418,255.40504181668368,8.495058632684843,8.553470650849842,0.47398880708884494
B-Sedan,8,2024-05-31,12,LastValue,,315.8666666666667,377.8223502300166,13.364737740293078,13.445342724453779,0.8415911756895311
B-Sedan,8,2024-05-31,12,SeasonalNaive,,298.9083333333333,335.6265819329571,12.647208157623796,12.831699681244968,0.7964076055510708
B-Sedan,8,2024-05-31,12,MovingAverage6,,316.48888888888894,379.7151264069188,13.391064788043764,13.468778057099652,0.8432490167560366
B-Sedan,8,2024-05-31,12,XGBoost,,216.96766153971353,251.26794560831394,9.180189619891129,9.338173122929001,0.5780859097566983
B-Sedan,8,2024-05-31,12,DeepAR,,297.0361165364584,331.7577719733551,12.567992180999044,12.712635464170821,0.7914192946544025
B-Sedan,8,2024-05-31,12,LeakageSafeEnsemble,0.48407616499529527,224.51272517875051,264.43389206127017,9.49943127281288,9.625469339823168,0.5981888824623636
B_HB,1,2022-08-31,3,LastValue,,306.89999999999986,320.5598176107957,15.875232774674108,14.812640567228016,0.8670991802960255
B_HB,1,2022-08-31,3,SeasonalNaive,,346.99999999999994,351.52931598943485,17.949513759569623,17.411287903552722,0.9803956192985367
B_HB,1,2022-08-31,3,MovingAverage6,,257.0333333333331,273.197952245457,13.295744534105786,12.573234063243987,0.726208513007782
B_HB,1,2022-08-31,3,XGBoost,,402.55496419270827,429.655133351645,20.823244578559294,18.804518953437903,1.1373577043844685
B_HB,1,2022-08-31,3,DeepAR,,342.80032552083327,350.0986879628373,17.732274235507617,16.390168776103334,0.9685300790626438
B_HB,1,2022-08-31,3,LeakageSafeEnsemble,0.5,372.67764485677077,385.1905924523679,19.277759407033457,17.65032653440849,1.052943891723556
B_HB,1,2022-08-31,6,LastValue,,265.46666666666664,288.20883053785843,12.779819310942436,12.555641484735949,0.7500356111521179
B_HB,1,2022-08-31,6,SeasonalNaive,,362.28333333333336,408.28755593739737,17.440666270841024,16.60186717383267,1.0235763485442986
B_HB,1,2022-08-31,6,MovingAverage6,,248.84444444444435,263.2637059848715,11.979609630330938,11.812439346079028,0.70307205538937
B_HB,1,2022-08-31,6,XGBoost,,406.43793131510415,441.8018939306811,19.56631086132696,18.140327901947042,1.1483284362480914
B_HB,1,2022-08-31,6,DeepAR,,274.39235839843747,299.98838807491927,13.209510650309102,12.951962426856008,0.7752537929187959
B_HB,1,2022-08-31,6,LeakageSafeEnsemble,0.5,300.22064615885415,349.0198351883311,14.452909133568085,14.013308274432237,0.8482276839109992
B_HB,1,2022-08-31,12,LastValue,,247.4416666666667,306.5726137475427,11.479504061300311,11.789295097706082,0.699108720553109
B_HB,1,2022-08-31,12,SeasonalNaive,,403.58333333333326,475.375870583829,18.72334832077506,19.068167107549158,1.1402632046740666
B_HB,1,2022-08-31,12,MovingAverage6,,255.75277777777782,296.71003194289796,11.865079518494605,12.17288518704686,0.722590498434483
B_HB,1,2022-08-31,12,XGBoost,,331.78098958333334,385.99161770738306,15.39223877971553,15.149009833378582,0.9373966246513934
B_HB,1,2022-08-31,12,DeepAR,,247.3611897786458,315.851787536866,11.47577051563146,11.781171800196237,0.6988813453701971
B_HB,1,2022-08-31,12,LeakageSafeEnsemble,0.5,259.47727864583334,330.076102957586,12.037869426585372,12.291864987943276,0.733113508045766
B_HB,2,2022-11-30,3,LastValue,,387.26666666666665,461.5093065150474,17.434496833638462,18.378762461192906,1.0949388145337198
B_HB,2,2022-11-30,3,SeasonalNaive,,377.56666666666683,458.0661487893062,16.9978090578949,15.792446444112615,1.0675135094012267
B_HB,2,2022-11-30,3,MovingAverage6,,332.17777777777775,395.4829059376509,14.95443040507418,15.467762774941866,0.9391831869885835
B_HB,2,2022-11-30,3,XGBoost,,141.95310872395848,155.87093933599283,6.390637866860881,6.57876448346491,0.40135127023305395
B_HB,2,2022-11-30,3,DeepAR,,234.7946940104167,256.7092540638567,10.570306462247517,10.789190966106961,0.6638470233738333
B_HB,2,2022-11-30,3,LeakageSafeEnsemble,0.5400846680076827,159.81638103139653,198.4533232177188,7.19483092371004,7.44273857947514,0.45185701185123067
B_HB,2,2022-11-30,6,LastValue,,474.8333333333334,518.7157410374203,20.56594239514907,22.440741659037275,1.3425205210047206
B_HB,2,2022-11-30,6,SeasonalNaive,,311.4166666666667,377.4387875316121,13.48805312928608,12.823966664477906,0.8804842378017971
B_HB,2,2022-11-30,6,MovingAverage6,,406.4555555555556,445.17339692903187,17.604369691282276,18.840139254061107,1.1491925395781835
B_HB,2,2022-11-30,6,XGBoost,,113.60612792968759,131.73785957361775,4.920499296745294,5.064494285518862,0.3212044044734849
B_HB,2,2022-11-30,6,DeepAR,,222.01189778645838,251.59313896510596,9.61576111108605,9.924215823278454,0.6277055711172821
B_HB,2,2022-11-30,6,LeakageSafeEnsemble,0.5400846680076827,141.97518377541962,183.6525719714113,6.1492175171624766,6.3431833377926115,0.4014136841528619
B_HB,2,2022-11-30,12,LastValue,,426.9000000000001,472.9127280305885,19.310480010253087,20.608033445716163,1.2069961609341844
B_HB,2,2022-11-30,12,SeasonalNaive,,383.72499999999997,469.3712381118667,17.357493422193404,17.9195546204726,1.0849252795841409
B_HB,2,2022-11-30,12,MovingAverage6,,378.3166666666666,410.8351298135164,17.112851790143463,18.05223061304706,1.0696340226846661
B_HB,2,2022-11-30,12,XGBoost,,227.98025716145835,272.1912060477612,10.312504564649096,10.966744645691234,0.6445802182306588
B_HB,2,2022-11-30,12,DeepAR,,237.89222819010422,289.44486879412307,10.7608646452555,11.240204218795897,0.6726048398724167
B_HB,2,2022-11-30,12,LeakageSafeEnsemble,0.5400846680076827,218.24394468956334,262.1922040240018,9.872090258342919,10.412670674560488,0.6170522449928212
B_HB,3,2023-02-28,3,LastValue,,99.73333333333342,116.30133275246686,4.161798252934961,4.1493124689496685,0.2813186044274184
B_HB,3,2023-02-28,3,SeasonalNaive,,245.26666666666657,274.0355451396771,10.234796639403546,9.855486884843199,0.6918256321446998
B_HB,3,2023-02-28,3,MovingAverage6,,319.1666666666665,332.73833730291886,13.318588994603008,14.186638970321122,0.9002759483263795
B_HB,3,2023-02-28,3,XGBoost,,102.05813802083337,103.9516098827544,4.25881063348495,4.219244651645489,0.2878761994500167
B_HB,3,2023-02-28,3,DeepAR,,195.49822591145843,207.31901976897794,8.157996407588817,8.433236834334007,0.5514433965385789
B_HB,3,2023-02-28,3,LeakageSafeEnsemble,0.5185347956383368,90.13131222013271,121.10820523099218,3.7611130120235647,3.769484277132603,0.25423410730928775
B_HB,3,2023-02-28,6,LastValue,,246.68333333333348,397.79140890672846,11.043297246077287,11.586231664606949,0.695821635048499
B_HB,3,2023-02-28,6,SeasonalNaive,,444.8833333333332,534.1027132802578,19.91613630089459,21.534467041265646,1.25488594718935
B_HB,3,2023-02-28,6,MovingAverage6,,337.9944444444443,359.6904324863565,15.131030812199525,16.074211349274055,0.9533836104478434
B_HB,3,2023-02-28,6,XGBoost,,236.2709798177083,290.38599596486154,10.577166383685748,11.424179645919667,0.6664514268952177
B_HB,3,2023-02-28,6,DeepAR,,276.51983235677085,338.5602622343232,12.378990756643251,13.170049120189967,0.7799816845097968
B_HB,3,2023-02-28,6,LeakageSafeEnsemble,0.5185347956383368,226.95202977233853,303.26758320563823,10.15998402287622,11.015330345471481,0.6401653905834639
B_HB,3,2023-02-28,12,LastValue,,300.7666666666668,419.9060053551669,13.716205431453183,13.897668796572232,0.8483749223758674
B_HB,3,2023-02-28,12,SeasonalNaive,,328.1833333333332,417.4356377534945,14.966518959921556,15.854794716824319,0.9257093315140857
B_HB,3,2023-02-28,12,MovingAverage6,,314.44999999999993,340.11731636141207,14.340222092165963,14.939023287288098,0.886971609246674
B_HB,3,2023-02-28,12,XGBoost,,254.09997151692713,290.78672121634605,11.588010892560922,12.17728296706715,0.7167418052024261
B_HB,3,2023-02-28,12,DeepAR,,257.04963785807297,314.2368515027567,11.722527891860707,12.245028849270469,0.7250619524479243
B_HB,3,2023-02-28,12,LeakageSafeEnsemble,0.5185347956383368,239.6415911923668,290.919547532377,10.9286488796902,11.513272338534536,0.6759589371357201
B_HB,4,2023-05-31,3,LastValue,,295.2333333333334,438.4071889617383,14.25444596443229,15.036626597647636,0.8415085114514412
B_HB,4,2023-05-31,3,SeasonalNaive,,644.4999999999999,703.8721024921123,31.117727528768,33.21344719768809,1.8370291372827832
B_HB,4,2023-05-31,3,MovingAverage6,,304.37777777777774,452.20377412548555,14.695957726455832,15.419488309840371,0.8675730745060695
B_HB,4,2023-05-31,3,XGBoost,,397.7165690104166,409.7564029695315,19.202538135209622,19.993938268167895,1.1336181934092695
B_HB,4,2023-05-31,3,DeepAR,,306.7106282552083,371.48972049378506,14.808592335489253,15.604246560082633,0.8742224372678445
B_HB,4,2023-05-31,3,LeakageSafeEnsemble,0.4558704316376952,356.22966578420454,382.9531152138802,17.199468855759452,17.937063993597757,1.0153673787588697
B_HB,4,2023-05-31,6,LastValue,,231.50000000000003,359.3081639298872,10.958061156868315,11.539430203857034,0.6598483247183311
B_HB,4,2023-05-31,6,SeasonalNaive,,456.0333333333333,546.039082850303,21.58635488655369,23.015142576467287,1.2998394428324676
B_HB,4,2023-05-31,6,MovingAverage6,,233.81111111111102,372.9831601798902,11.067457687736013,11.629472041404837,0.666435723400424
B_HB,4,2023-05-31,6,XGBoost,,334.1426350911458,351.4373901836427,15.816654127196147,16.44206586472434,0.9524123454940007
B_HB,4,2023-05-31,6,DeepAR,,258.53566080729166,305.7930711509951,12.237795172171335,12.798454050878808,0.7369085212252185
B_HB,4,2023-05-31,6,LeakageSafeEnsemble,0.4558704316376952,299.67567627179636,320.8536643847101,14.185159342601361,14.736705179942037,0.8541705958824093
B_HB,4,2023-05-31,12,LastValue,,237.36666666666676,332.0634126187346,11.160392439582488,11.440831495882836,0.6765701829113373
B_HB,4,2023-05-31,12,SeasonalNaive,,332.78333333333336,417.6269527540897,15.646647650691156,16.28259566787249,0.9485379049424706
B_HB,4,2023-05-31,12,MovingAverage6,,247.66666666666654,345.6839982797389,11.6446729147729,11.881684202477667,0.7059284453070118
B_HB,4,2023-05-31,12,XGBoost,,290.4414510091146,309.9897998988611,13.655837272785377,13.939272665151059,0.8278501290588574
B_HB,4,2023-05-31,12,DeepAR,,213.56156005859373,282.5790892312277,10.041135319182853,10.40190199024641,0.6087180891097033
B_HB,4,2023-05-31,12,LeakageSafeEnsemble,0.4558704316376952,252.02235831861023,285.1727149448186,11.84946674224729,12.176720150225124,0.7183435461256928
B_HB,5,2023-08-31,3,LastValue,,621.1333333333333,659.9910605455198,28.83582736262205,33.05520611338405,1.723387849927066
B_HB,5,2023-08-31,3,SeasonalNaive,,267.5666666666666,317.6183611401163,12.421658593955522,12.816837955246482,0.7423867270239647
B_HB,5,2023-08-31,3,MovingAverage6,,183.6388888888889,236.9422814151628,8.525350376296664,8.752457205817308,0.5095218899085827
B_HB,5,2023-08-31,3,XGBoost,,359.59904785156255,391.44706597899216,16.694219271671557,17.70679417495046,0.9977384832768991
B_HB,5,2023-08-31,3,DeepAR,,185.724462890625,246.90069006369987,8.622172183529734,8.848873162036723,0.5153084943328325
B_HB,5,2023-08-31,3,LeakageSafeEnsemble,0.5186800881866855,224.04781315667142,231.94366105153063,10.401315972671643,10.591092330015114,0.621639925400242
B_HB,5,2023-08-31,6,LastValue,,618.8833333333333,692.4169613270124,28.761414950389984,32.36510242323875,1.7171450314302283
B_HB,5,2023-08-31,6,SeasonalNaive,,211.48333333333326,251.4742829793933,9.828281967670224,10.175122392382992,0.5867786956027835
B_HB,5,2023-08-31,6,MovingAverage6,,252.7833333333334,321.1676634649814,11.747620191004362,12.0036819578953,0.7013690973447413
B_HB,5,2023-08-31,6,XGBoost,,306.3729085286459,338.4919964987919,14.238092831309498,14.892814901119472,0.8500579823522885
B_HB,5,2023-08-31,6,DeepAR,,235.3760660807292,309.9758160434828,10.93865085924369,11.233358767965468,0.6530711373518713
B_HB,5,2023-08-31,6,LeakageSafeEnsemble,0.5186800881866855,246.86528888320512,277.9904872567526,11.47259043505953,11.756664721065764,0.6849489740743548
B_HB,5,2023-08-31,12,LastValue,,522.3333333333333,591.5310938572883,25.41479475160971,28.085592816789855,1.4492587532659185
B_HB,5,2023-08-31,12,SeasonalNaive,,260.9583333333333,300.835850866659,12.697260651669723,12.386159522197714,0.724051337883252
B_HB,5,2023-08-31,12,MovingAverage6,,263.94166666666666,330.0863923109962,12.84241854128485,12.807395511106833,0.7323288527790593
B_HB,5,2023-08-31,12,XGBoost,,206.05910847981775,259.38339406664255,10.026068823320196,10.168629221777952,0.5717287172709905
B_HB,5,2023-08-31,12,DeepAR,,259.4836751302084,325.5056733315549,12.625509275356004,12.608171272660407,0.7199597718801489
B_HB,5,2023-08-31,12,LeakageSafeEnsemble,0.5186800881866855,201.42534511518502,239.54243022205156,9.800607154833273,9.87919621878645,0.5588719423186799
B_HB,6,2023-11-30,3,LastValue,,351.16666666666674,415.4878618363398,16.33687932264368,16.512838373079624,0.9823335531946639
B_HB,6,2023-11-30,3,SeasonalNaive,,155.39999999999995,159.99127059520043,7.229476165369224,7.533406829519501,0.43470707403830283
B_HB,6,2023-11-30,3,MovingAverage6,,334.20000000000005,380.02855155895855,15.547560710851968,15.860973416817888,0.9348719700360416
B_HB,6,2023-11-30,3,XGBoost,,359.5718587239584,436.83998649216454,16.7279033615339,16.839697236291205,1.0058457568365895
B_HB,6,2023-11-30,3,DeepAR,,341.30249023437506,396.07524146099024,15.877980812938084,16.116206186017763,0.9547400700886207
B_HB,6,2023-11-30,3,LeakageSafeEnsemble,0.5589573354167757,349.36006727679865,394.6810855213701,16.252833201476225,16.43111459926435,0.9772798753650053
B_HB,6,2023-11-30,6,LastValue,,269.96666666666675,322.93538053301006,12.608587352492453,12.495976350591132,0.7551893163097848
B_HB,6,2023-11-30,6,SeasonalNaive,,209.5333333333334,225.09078909038766,9.786094591649285,9.550048759277686,0.5861365652948891
B_HB,6,2023-11-30,6,MovingAverage6,,178.76666666666662,269.3868531808237,8.349160880530558,8.478829906952695,0.5000716512371125
B_HB,6,2023-11-30,6,XGBoost,,315.98225097656257,373.53184217386706,14.757710136838556,14.353096176758537,0.8839106806310052
B_HB,6,2023-11-30,6,DeepAR,,217.34357910156257,290.3144005680589,10.15086616596643,10.194765573384736,0.6079845002075465
B_HB,6,2023-11-30,6,LeakageSafeEnsemble,0.5589573354167757,260.8474417616471,307.07943347654725,12.182680905516415,12.085436804671538,0.7296797180088948
B_HB,6,2023-11-30,12,LastValue,,399.81666666666666,443.58420846554037,20.33155633152243,19.182686808069533,1.1184242813282765
B_HB,6,2023-11-30,12,SeasonalNaive,,282.8166666666667,331.30467599074626,14.381849155429746,13.520267532321936,0.7911351715310987
B_HB,6,2023-11-30,12,MovingAverage6,,249.76666666666657,303.44718925484653,12.701184008678771,12.516439415616846,0.6986829913704424
B_HB,6,2023-11-30,12,XGBoost,,313.5782938639323,360.3497922110547,15.946145515120849,15.141868512205026,0.8771859884653355
B_HB,6,2023-11-30,12,DeepAR,,323.2916219075521,373.3678203648294,16.44008959687185,15.848772447335524,0.904357496914603
B_HB,6,2023-11-30,12,LeakageSafeEnsemble,0.5589573354167757,319.00762814573426,352.88403807218,16.222239097495574,15.606871927378855,0.8923736977292865
B_HB,7,2024-02-29,3,LastValue,,457.5666666666669,457.9069301360997,21.45447157012911,19.379037523344323,1.3025106263494746
B_HB,7,2024-02-29,3,SeasonalNaive,,263.6666666666668,275.19905523093666,12.362852052139672,11.566690689035873,0.7505543129907732
B_HB,7,2024-02-29,3,MovingAverage6,,19.05000000000003,25.969303460474585,0.893219968116034,0.8926673159933588,0.054227786330496505
B_HB,7,2024-02-29,3,XGBoost,,250.21694335937505,272.7799624837018,11.73221890653817,10.962709227780373,0.7122682908536544
B_HB,7,2024-02-29,3,DeepAR,,37.19855143229173,38.573272744088385,1.744172646945628,1.725716874717902,0.1058895065025878
B_HB,7,2024-02-29,3,LeakageSafeEnsemble,0.530023226636708,137.31228091618308,145.68882556661944,6.43832394655605,6.206516056757373,0.39087354488587284
B_HB,7,2024-02-29,6,LastValue,,631.6166666666669,661.834562661496,32.2470026633538,28.211078690376905,1.7979618710120941
B_HB,7,2024-02-29,6,SeasonalNaive,,310.4333333333334,343.1692051063635,15.849082291675535,14.597196652012434,0.8836804446122717
B_HB,7,2024-02-29,6,MovingAverage6,,193.1,276.35662597850296,9.858663558002402,9.89419005031183,0.549679030993116
B_HB,7,2024-02-29,6,XGBoost,,221.2222859700521,254.53288821016665,11.294438575406206,10.718445610560767,0.6297320133925439
B_HB,7,2024-02-29,6,DeepAR,,197.3647216796875,280.6242215198114,10.07639766576293,10.075253130990014,0.5618190003372173
B_HB,7,2024-02-29,6,LeakageSafeEnsemble,0.530023226636708,208.57724896885705,247.74997776708136,10.648849940122552,10.491955919007308,0.5937366136738024
B_HB,7,2024-02-29,12,LastValue,,601.9916666666669,647.5989364568167,28.973829339215897,26.53195058197279,1.7136312584115192
B_HB,7,2024-02-29,12,SeasonalNaive,,436.32500000000005,511.3261393996334,21.000300812192926,19.79684064768813,1.2420440352049267
B_HB,7,2024-02-29,12,MovingAverage6,,303.4472222222222,402.6428583607175,14.604899896386911,14.100459886917685,0.8637937600655817
B_HB,7,2024-02-29,12,XGBoost,,309.12689412434895,346.4540442950682,14.878262225978894,14.112672151334522,0.8799615308968601
B_HB,7,2024-02-29,12,DeepAR,,314.4780802408854,411.9242535300592,15.135814550849796,14.603960270138023,0.8951942331195507
B_HB,7,2024-02-29,12,LeakageSafeEnsemble,0.530023226636708,311.9631529729556,367.50528594641946,15.014771225009396,14.437082007600246,0.8880352337220685
B_HB,8,2024-05-31,3,LastValue,,323.1666666666668,348.86836581534124,18.10829488783878,16.849715081289222,0.9267940636416989
B_HB,8,2024-05-31,3,SeasonalNaive,,357.2,399.7445267501065,20.01531593791442,17.627702614988998,1.024396615367142
B_HB,8,2024-05-31,3,MovingAverage6,,356.49999999999983,379.95353955743343,19.976092194475047,18.404510993681576,1.0223891192004086
B_HB,8,2024-05-31,3,XGBoost,,165.9698404947917,202.4643651703741,9.299940631770767,9.143868987331006,0.4759768836950981
B_HB,8,2024-05-31,3,DeepAR,,328.1190266927083,345.8695634311907,18.385795029382788,17.08191755844185,0.9409966975967842
B_HB,8,2024-05-31,3,LeakageSafeEnsemble,0.574400073221102,254.29473269284776,280.4785256712054,14.249130504464844,13.551936845031012,0.7292795730018067
B_HB,8,2024-05-31,6,LastValue,,315.96666666666687,329.44619692245163,17.63370849223329,16.328270752245714,0.9061455316410176
B_HB,8,2024-05-31,6,SeasonalNaive,,356.1000000000001,410.925435247483,19.87350013952191,17.490486305366183,1.0212419785337048
B_HB,8,2024-05-31,6,MovingAverage6,,349.2999999999999,361.53886682101296,19.494000558087613,17.88479447691562,1.0017405871997274
B_HB,8,2024-05-31,6,XGBoost,,164.03472086588545,184.92552209481406,9.154574692543136,8.877093583782306,0.47042724764195676
B_HB,8,2024-05-31,6,DeepAR,,310.1071370442708,321.21049629171597,17.306695398247836,16.04201383011495,0.8893412698469918
B_HB,8,2024-05-31,6,LeakageSafeEnsemble,0.574400073221102,245.53192480483514,260.1784307510311,13.702832748851371,12.947323032367619,0.7041491397946605
B_HB,8,2024-05-31,12,LastValue,,363.4583333333333,440.39169781002903,16.8691427930489,16.592586485799874,1.04234458704829
B_HB,8,2024-05-31,12,SeasonalNaive,,447.2749999999999,524.3304977143074,20.759314481974403,20.189085606580388,1.2827183542506673
B_HB,8,2024-05-31,12,MovingAverage6,,369.01388888888886,438.1068651342704,17.12699204663977,16.85605322761904,1.058277096308075
B_HB,8,2024-05-31,12,XGBoost,,286.7948038736979,386.7856514056607,13.310968700263295,12.889222600348518,0.8224849563076692
B_HB,8,2024-05-31,12,DeepAR,,365.5416341145833,441.16891158990995,16.96583475231001,16.687517178167834,1.0483191846661628
B_HB,8,2024-05-31,12,LeakageSafeEnsemble,0.574400073221102,330.8235865115079,413.2244070318894,15.354470673404636,15.034926915202924,0.9487529739809843
SUV-A,1,2022-08-31,3,LastValue,,148.0,198.7406517717668,10.866372980910425,10.998734264732752,0.46515804597701155
SUV-A,1,2022-08-31,3,SeasonalNaive,,273.63333333333327,318.69333744735445,20.09055310817425,22.711894496765797,0.8600185584291187
SUV-A,1,2022-08-31,3,MovingAverage6,,113.66111111111111,133.31861689618268,8.3451623429597,8.280460853900406,0.3572322996487868
SUV-A,1,2022-08-31,3,XGBoost,,182.52494303385416,218.58653236400977,13.40124398192762,13.901642093578994,0.5736685529979253
SUV-A,1,2022-08-31,3,DeepAR,,131.56341959635424,167.5189710265569,9.659575594445977,9.660586459921571,0.4134985350100933
SUV-A,1,2022-08-31,3,LeakageSafeEnsemble,0.5,145.37555338541674,184.37823360832596,10.673682333731037,10.783756436390881,0.456909515848562
SUV-A,1,2022-08-31,6,LastValue,,249.23333333333335,287.60636293378496,17.033054650659498,18.078276607667142,0.7833303400383144
SUV-A,1,2022-08-31,6,SeasonalNaive,,195.4,240.82158679542556,13.35398774403718,15.173752287798905,0.6141343390804599
SUV-A,1,2022-08-31,6,MovingAverage6,,164.77222222222227,183.69754504498852,11.260830276936165,11.517608044273366,0.517872465676884
SUV-A,1,2022-08-31,6,XGBoost,,211.3267985026042,230.80630283307204,14.44245382390169,15.294134307743256,0.6641916260408718
SUV-A,1,2022-08-31,6,DeepAR,,207.15509847005214,233.3477826591741,14.157352334103843,14.750626918551646,0.6510801406655734
SUV-A,1,2022-08-31,6,LeakageSafeEnsemble,0.5,203.40663452148442,226.44216478911295,13.901175560162502,14.507340207234401,0.639298869275499
SUV-A,1,2022-08-31,12,LastValue,,311.375,346.30003729906434,21.150199530184246,22.76513828316615,0.9786390984195403
SUV-A,1,2022-08-31,12,SeasonalNaive,,223.9666666666667,293.63154349172595,15.212973707299128,16.794704680825525,0.7039182231800768
SUV-A,1,2022-08-31,12,MovingAverage6,,224.2833333333334,261.79249999867375,15.234483344182495,16.013926933531238,0.7049134937739466
SUV-A,1,2022-08-31,12,XGBoost,,226.97722371419272,267.5779226392607,15.417466303853692,16.397900002427846,0.7133802828660871
SUV-A,1,2022-08-31,12,DeepAR,,271.08716430664066,305.06371126087754,18.413641477823496,19.57369235877212,0.8520160516103111
SUV-A,1,2022-08-31,12,LeakageSafeEnsemble,0.5,246.11503702799484,281.8021713530995,16.717405509500683,17.703888561026385,0.7735296601993373
SUV-A,2,2022-11-30,3,LastValue,,43.73333333333335,61.2251037837694,2.795414837857418,2.7721725835320457,0.13843746367286355
SUV-A,2,2022-11-30,3,SeasonalNaive,,117.16666666666674,120.1025811546114,7.489240209656119,7.635610078832013,0.3708900036662466
SUV-A,2,2022-11-30,3,MovingAverage6,,231.30000000000018,237.92813807721225,14.784591127966944,15.897407514534887,0.7321780186173785
SUV-A,2,2022-11-30,3,XGBoost,,86.2453531901042,93.63153432124363,5.512763872039728,5.657386224380585,0.27300887078982466
SUV-A,2,2022-11-30,3,DeepAR,,243.53579915364585,255.19946068361088,15.56669786212421,16.823050424015328,0.7709103280878346
SUV-A,2,2022-11-30,3,LeakageSafeEnsemble,0.5811260930057116,177.65095869609627,186.25705804845867,11.355368732438933,11.984485755031017,0.5623524727349132
SUV-A,2,2022-11-30,6,LastValue,,77.1666666666667,104.86105091977673,4.940985635925131,4.927080854488273,0.2442703722581396
SUV-A,2,2022-11-30,6,SeasonalNaive,,141.70000000000005,180.39629523172965,9.073058288690163,9.279829003841291,0.4485500442632187
SUV-A,2,2022-11-30,6,MovingAverage6,,228.60000000000016,250.48861362456307,14.637269758606719,15.563402272278825,0.7236311934973313
SUV-A,2,2022-11-30,6,XGBoost,,99.19052734375005,114.70426906453898,6.351174567930554,6.4192002448602,0.3139867002860344
SUV-A,2,2022-11-30,6,DeepAR,,250.00500895182293,278.6203104692997,16.007833582811536,17.189566632988893,0.7913885520915069
SUV-A,2,2022-11-30,6,LeakageSafeEnsemble,0.5811260930057116,176.43600127356976,203.1287422315213,11.297206236969016,11.753720033573336,0.5585065362094919
SUV-A,2,2022-11-30,12,LastValue,,180.17500000000004,280.0545140384874,12.415088055767699,13.34539283595069,0.5703423022238915
SUV-A,2,2022-11-30,12,SeasonalNaive,,199.625,265.623161954425,13.755304304884842,14.778721183095032,0.6319110979960834
SUV-A,2,2022-11-30,12,MovingAverage6,,259.713888888889,290.9337309995755,17.89577244268864,19.127661109072594,0.8221219220669287
SUV-A,2,2022-11-30,12,XGBoost,,172.96370442708337,242.72346512899597,11.918188543993434,12.964570688678787,0.5475150125384509
SUV-A,2,2022-11-30,12,DeepAR,,277.2837809244792,306.355247231751,19.106438499312382,20.47027535527943,0.8777392534025952
SUV-A,2,2022-11-30,12,LeakageSafeEnsemble,0.5811260930057116,224.902475672537,267.9458066604347,15.497066959537667,16.58624472950969,0.711926714310684
SUV-A,3,2023-02-28,3,LastValue,,141.4333333333334,157.61667635966282,9.071666809202089,9.008183166735252,0.4617623310514307
SUV-A,3,2023-02-28,3,SeasonalNaive,,166.23333333333335,225.0800228067047,10.6623620969811,10.924047928850568,0.542731262067755
SUV-A,3,2023-02-28,3,MovingAverage6,,135.9222222222223,164.415662270965,8.71817896747342,8.762141530384508,0.4437692352700254
SUV-A,3,2023-02-28,3,XGBoost,,127.44755859375005,141.42245748604287,8.174606084436203,8.152558954425121,0.4161005072571091
SUV-A,3,2023-02-28,3,DeepAR,,182.3644775390625,219.88456280200862,11.697028833857596,12.054862642798476,0.5953974516809833
SUV-A,3,2023-02-28,3,LeakageSafeEnsemble,0.39768387863674753,104.32880475794998,128.79912414532816,6.691747504358375,6.669100303179923,0.3406206369137914
SUV-A,3,2023-02-28,6,LastValue,,240.65000000000006,334.4109921438987,16.247144737878504,17.06403353868431,0.7856924697209059
SUV-A,3,2023-02-28,6,SeasonalNaive,,252.53333333333333,338.2956251564599,17.049431198028604,18.41565707385214,0.8244900824995611
SUV-A,3,2023-02-28,6,MovingAverage6,,227.4055555555556,293.3688472819764,15.352964784162815,16.443124021516088,0.7424509976010767
SUV-A,3,2023-02-28,6,XGBoost,,209.85994466145837,274.8091517695379,14.168397654676443,15.234591021688878,0.6851667492896482
SUV-A,3,2023-02-28,6,DeepAR,,283.8119547526042,332.4435652853374,19.16116312988067,20.48141834114424,0.9266109107246687
SUV-A,3,2023-02-28,6,LeakageSafeEnsemble,0.39768387863674753,204.4003708697712,278.7393775377479,13.799802243911142,14.916242560345063,0.6673419164784525
SUV-A,3,2023-02-28,12,LastValue,,232.10000000000005,328.22287397437736,15.580318184869443,16.43146733085187,0.7577777777777779
SUV-A,3,2023-02-28,12,SeasonalNaive,,210.54166666666674,276.97892368674314,14.133158801548419,15.311054243766122,0.687392487274004
SUV-A,3,2023-02-28,12,MovingAverage6,,224.07222222222222,291.58487519836217,15.041432652361031,16.093267513362246,0.731568076765549
SUV-A,3,2023-02-28,12,XGBoost,,198.55572306315105,271.33499452913503,13.328571058813926,14.414691848175337,0.6482598646611566
SUV-A,3,2023-02-28,12,DeepAR,,283.69219360351565,330.02816382294543,19.043578814762412,20.350617653719198,0.9262199053932579
SUV-A,3,2023-02-28,12,LeakageSafeEnsemble,0.39768387863674753,210.8359435501707,279.75465189528114,14.152912905294404,15.237642643934215,0.6883532648820738
SUV-A,4,2023-05-31,3,LastValue,,338.9333333333334,376.1729478134581,24.152592698163858,25.578810393814848,1.1304328491211149
SUV-A,4,2023-05-31,3,SeasonalNaive,,338.8333333333333,422.1692117307151,24.14546663816243,25.907266218853714,1.1300993225133882
SUV-A,4,2023-05-31,3,MovingAverage6,,312.88888888888886,408.1883524931977,22.296649960014882,23.566508194719447,1.0435676970643386
SUV-A,4,2023-05-31,3,XGBoost,,289.4667887369792,327.8690429884726,20.627577049595896,22.106086594346785,0.9654487609693643
SUV-A,4,2023-05-31,3,DeepAR,,311.9161702473959,353.62145538052886,22.227333445977045,23.702175309762005,1.0403234215766435
SUV-A,4,2023-05-31,3,LeakageSafeEnsemble,0.3871786727968064,298.1586939673146,337.26719837397127,21.246967431576618,22.736005727189546,0.9944385776309066
SUV-A,4,2023-05-31,6,LastValue,,267.5166666666667,332.22032097189157,19.952762757163285,20.937817500348167,0.8922392634364189
SUV-A,4,2023-05-31,6,SeasonalNaive,,257.55,329.4973520379185,19.20939772515383,20.27761336234877,0.8589977781996748
SUV-A,4,2023-05-31,6,MovingAverage6,,298.22777777777765,394.12077604601234,22.24335467296496,22.701681775797997,0.9946689905204322
SUV-A,4,2023-05-31,6,XGBoost,,252.38750406901045,300.6853546494777,18.824352345255303,20.018976118484414,0.8417794806470252
SUV-A,4,2023-05-31,6,DeepAR,,241.3923177083334,309.6966067223078,18.00427504816956,19.118296759379348,0.805107608565049
SUV-A,4,2023-05-31,6,LeakageSafeEnsemble,0.3871786727968064,247.2868684774444,301.9370938792535,18.443920826212523,19.59042046134349,0.824767503785983
SUV-A,4,2023-05-31,12,LastValue,,237.4333333333334,289.4526127019758,16.294923706906417,17.25849869693122,0.7919033422786882
SUV-A,4,2023-05-31,12,SeasonalNaive,,215.88333333333335,284.1352172235372,14.815958639306388,15.703628306260923,0.7200283583136212
SUV-A,4,2023-05-31,12,MovingAverage6,,221.50555555555547,303.02132946561875,15.201808767795995,15.995072442234495,0.7387799653702457
SUV-A,4,2023-05-31,12,XGBoost,,222.5234130859375,274.0851329333718,15.271663790126794,16.284710500976782,0.7421747910628179
SUV-A,4,2023-05-31,12,DeepAR,,213.05558471679691,270.16876029871105,14.621891751890528,15.54903646553147,0.7105970642778533
SUV-A,4,2023-05-31,12,LeakageSafeEnsemble,0.3871786727968064,218.43589498707715,269.7009773124737,14.991139591454061,15.967605153408234,0.728541830607481
SUV-A,5,2023-08-31,3,LastValue,,383.2,458.7775350501228,29.979658895321542,32.81256269035773,1.2707800948052201
SUV-A,5,2023-08-31,3,SeasonalNaive,,176.26666666666668,197.25660107247782,13.790225838418612,14.64796050584383,0.5845411570398403
SUV-A,5,2023-08-31,3,MovingAverage6,,202.98333333333338,323.78514523952117,15.880404735826428,16.647518082489242,0.6731398214436665
SUV-A,5,2023-08-31,3,XGBoost,,263.32105712890626,312.96480286089803,20.600927642693335,21.668246315759788,0.8732337107058514
SUV-A,5,2023-08-31,3,DeepAR,,198.75104980468748,321.6427521015903,15.549291957806876,16.38219241947891,0.6591045874567791
SUV-A,5,2023-08-31,3,LeakageSafeEnsemble,0.433144528971935,235.3529196437585,245.74004138368832,18.412839903282624,19.394871748308784,0.7804848787515156
SUV-A,5,2023-08-31,6,LastValue,,603.2166666666666,668.2998665768732,40.26231185965537,47.85801365258007,2.0004064009779627
SUV-A,5,2023-08-31,6,SeasonalNaive,,168.55,197.46067540989856,11.25004171626267,12.206451413680107,0.5589509002594464
SUV-A,5,2023-08-31,6,MovingAverage6,,220.01666666666665,288.1744249003833,14.68523689275027,15.687164891785379,0.729626306172743
SUV-A,5,2023-08-31,6,XGBoost,,373.04668579101553,415.66133387583153,24.899381650919352,27.15130265874898,1.2371093495205634
SUV-A,5,2023-08-31,6,DeepAR,,240.0718017578125,310.48674778673086,16.023837346032227,17.077802922960473,0.7961337865288438
SUV-A,5,2023-08-31,6,LeakageSafeEnsemble,0.433144528971935,315.44933488277917,338.27864029366697,21.054987699783915,22.66800954774262,1.0461031724649836
SUV-A,5,2023-08-31,12,LastValue,,521.8833333333333,572.9911270400848,36.83319021796667,43.42232621805871,1.7306861999232714
SUV-A,5,2023-08-31,12,SeasonalNaive,,237.39166666666674,286.3292379412204,16.754496371143244,17.31562584879632,0.7872458368283819
SUV-A,5,2023-08-31,12,MovingAverage6,,188.0805555555556,245.13487727280992,13.274244331259144,13.577587304245728,0.6237187531834745
SUV-A,5,2023-08-31,12,XGBoost,,268.5703928629557,322.67980309619816,18.955011082748925,20.03851151893022,0.8906417257418112
SUV-A,5,2023-08-31,12,DeepAR,,185.4168823242188,244.2910117773699,13.086249090672164,13.40364212462181,0.6148853948289642
SUV-A,5,2023-08-31,12,LeakageSafeEnsemble,0.433144528971935,213.50885809533528,254.3266164074925,15.068908855963345,15.534988971481036,0.7080449032676004
SUV-A,6,2023-11-30,3,LastValue,,270.6333333333334,279.8247249023336,15.750674142045126,17.004813992208643,0.9135193813191342
SUV-A,6,2023-11-30,3,SeasonalNaive,,160.83333333333334,197.66453905544103,9.360389547403342,9.764942321516386,0.5428908750911223
SUV-A,6,2023-11-30,3,MovingAverage6,,377.4833333333333,384.1264668048792,21.969270762605,24.585531932510584,1.274190199993661
SUV-A,6,2023-11-30,3,XGBoost,,295.3949137369791,316.279659677435,17.19178111647501,18.74547222803026,0.9971017816547264
SUV-A,6,2023-11-30,3,DeepAR,,202.55352376302076,212.62093264064868,11.788475978991258,12.446934019501347,0.6837168483015343
SUV-A,6,2023-11-30,3,LeakageSafeEnsemble,0.47541144820275544,251.2570759327407,266.77991765948866,14.622989268012146,15.692118821950206,0.8481150704204901
SUV-A,6,2023-11-30,6,LastValue,,177.6833333333334,209.79606367454406,11.292594828773295,11.511170151510672,0.5997678362017054
SUV-A,6,2023-11-30,6,SeasonalNaive,,174.21666666666673,229.99377890137237,11.07227218320676,11.12964325017307,0.5880661468733164
SUV-A,6,2023-11-30,6,MovingAverage6,,248.91666666666666,286.92412905389,15.819801497770294,16.577833389514147,0.8402150486513897
SUV-A,6,2023-11-30,6,XGBoost,,206.7955322265625,249.70665066431405,13.142809255239285,13.485847510652485,0.6980356940232926
SUV-A,6,2023-11-30,6,DeepAR,,152.3850382486979,173.92212520301,9.684771568762777,9.80258797690357,0.5143737622733455
SUV-A,6,2023-11-30,6,LeakageSafeEnsemble,0.47541144820275544,173.46076866103803,212.37929175178908,11.024231380789859,11.209747990128303,0.5855146227504849
SUV-A,6,2023-11-30,12,LastValue,,221.6583333333334,245.86082275683262,16.088915771964317,15.956193615504507,0.7482048904947547
SUV-A,6,2023-11-30,12,SeasonalNaive,,263.75000000000006,305.2979855813006,19.144110086193866,19.434332035989836,0.8902847770276696
SUV-A,6,2023-11-30,12,MovingAverage6,,203.85,238.5971866975803,14.796310297898078,14.686635319335597,0.6880930873823333
SUV-A,6,2023-11-30,12,XGBoost,,179.33089599609377,220.1708858374142,13.016608207791473,12.762774391576706,0.6053291630561309
SUV-A,6,2023-11-30,12,DeepAR,,236.1737141927083,262.68834347516093,17.142504583774382,16.91409739056235,0.7972013743311919
SUV-A,6,2023-11-30,12,LeakageSafeEnsemble,0.47541144820275544,190.08648113611184,222.7496419352989,13.797294865467064,13.67235681273745,0.6416345041677256
SUV-A,7,2024-02-29,3,LastValue,,203.43333333333325,225.28548555111126,14.239384041063923,13.511264814350184,0.6996522048970168
SUV-A,7,2024-02-29,3,SeasonalNaive,,187.60000000000014,258.3079686472462,13.131124591693895,12.494344178829754,0.6451978714010184
SUV-A,7,2024-02-29,3,MovingAverage6,,74.07222222222215,119.1873793188225,5.184709908228335,5.2830797558851375,0.254750746842862
SUV-A,7,2024-02-29,3,XGBoost,,219.24690755208334,251.1410518369685,15.346260444616192,14.447468169020155,0.7540385824299569
SUV-A,7,2024-02-29,3,DeepAR,,85.52862955729172,124.7631036346098,5.986604962012954,6.045230128793399,0.294151864254855
SUV-A,7,2024-02-29,3,LeakageSafeEnsemble,0.49933228285432685,146.04076541217327,183.553292598409,10.222172100712081,9.937101570317946,0.5022664764483453
SUV-A,7,2024-02-29,6,LastValue,,296.5499999999999,322.2895463192479,22.204335292576086,20.38350937726967,1.0199010062045404
SUV-A,7,2024-02-29,6,SeasonalNaive,,306.2333333333334,353.52248396200594,22.929379905906437,22.424800283912536,1.0532041301636732
SUV-A,7,2024-02-29,6,MovingAverage6,,164.92777777777766,205.88611806314447,12.349053032666516,12.050873207391682,0.5672230871914832
SUV-A,7,2024-02-29,6,XGBoost,,251.87413330078127,295.1588547260269,18.85920656664155,17.409645985314683,0.8662508244490421
SUV-A,7,2024-02-29,6,DeepAR,,164.14400227864587,201.03294379556266,12.29036743503769,11.982064752413187,0.5645275099862801
SUV-A,7,2024-02-29,6,LeakageSafeEnsemble,0.49933228285432685,194.6791587494233,234.79878793140034,14.576703137241081,13.88592079141238,0.6695446632796842
SUV-A,7,2024-02-29,12,LastValue,,352.10833333333335,374.98615641114003,24.58241943647714,23.730448701425523,1.2109783964244496
SUV-A,7,2024-02-29,12,SeasonalNaive,,278.1916666666668,313.03061751208946,19.42193236096648,19.999141446640532,0.9567626395247063
SUV-A,7,2024-02-29,12,MovingAverage6,,286.29722222222216,324.12220560564293,19.987821172929646,19.597828398112284,0.9846394369179208
SUV-A,7,2024-02-29,12,XGBoost,,259.20286458333334,298.35366175524496,18.096230430001803,17.356394527433096,0.8914559514403676
SUV-A,7,2024-02-29,12,DeepAR,,290.2447509765625,328.37455156990137,20.263417625470524,19.85514013378883,0.998215860956272
SUV-A,7,2024-02-29,12,LeakageSafeEnsemble,0.49933228285432685,268.0088366163759,298.7827864001401,18.71101877088782,18.264107203530575,0.9217416359357617
SUV-A,8,2024-05-31,3,LastValue,,246.46666666666678,256.6968250680169,19.837415823786664,18.20074962648167,0.8595350999956223
SUV-A,8,2024-05-31,3,SeasonalNaive,,424.86666666666673,428.0575740092292,34.196335148767204,32.355256388995315,1.481692505348147
SUV-A,8,2024-05-31,3,MovingAverage6,,331.0166666666665,338.7026362952217,26.642609932122436,23.658530939003374,1.1543972559516524
SUV-A,8,2024-05-31,3,XGBoost,,196.7133544921875,247.511067117385,15.832910242710877,14.54517520204568,0.6860239362614955
SUV-A,8,2024-05-31,3,DeepAR,,272.82862955729166,283.96700722868263,21.95921682375647,19.923433126011084,0.9514705844800994
SUV-A,8,2024-05-31,3,LeakageSafeEnsemble,0.5142233924885047,235.8536141888038,261.1988253324064,18.983200777141935,17.390789478276357,0.8225228287372286
SUV-A,8,2024-05-31,6,LastValue,,306.93333333333345,317.0610403902274,25.96801940269044,23.17784016951857,1.0704083311819974
SUV-A,8,2024-05-31,6,SeasonalNaive,,353.2833333333333,365.39920862895514,29.889449787078032,27.73902082180661,1.2320506839739787
SUV-A,8,2024-05-31,6,MovingAverage6,,391.4833333333332,399.47319371892763,33.12135141994979,28.6023966932848,1.3652704871380277
SUV-A,8,2024-05-31,6,XGBoost,,225.07229410807295,261.89120590945134,19.042186252410357,17.277257123863794,0.7849237360931559
SUV-A,8,2024-05-31,6,DeepAR,,323.17351074218755,332.9552394243924,27.342015630067472,24.22201133424473,1.1270448033745835
SUV-A,8,2024-05-31,6,LeakageSafeEnsemble,0.5142233924885047,275.5182336731913,293.9712932608513,23.310152599328063,20.956448041416888,0.9608503889541665
SUV-A,8,2024-05-31,12,LastValue,,385.2916666666667,407.9503064099842,24.583800798634563,24.93978967078544,1.3436774867560717
SUV-A,8,2024-05-31,12,SeasonalNaive,,366.19166666666666,416.3482406591867,23.365112111915185,24.7214037044691,1.277067585174047
SUV-A,8,2024-05-31,12,MovingAverage6,,385.2916666666667,400.4019990376339,24.583800798634563,24.933121087967137,1.3436774867560717
SUV-A,8,2024-05-31,12,XGBoost,,325.9080810546875,366.542543906711,20.794790119987933,20.786556974524164,1.1365814242847798
SUV-A,8,2024-05-31,12,DeepAR,,385.00719197591144,408.1981818276802,24.565649694588416,24.909974663288047,1.3426854013553502
SUV-A,8,2024-05-31,12,LeakageSafeEnsemble,0.5142233924885047,356.2982355024115,385.85288817713433,22.733854906013892,22.95886158182179,1.2425649424431793
SUV-B,1,2022-08-31,3,LastValue,,216.40000000000006,249.83174337941935,19.238975817923194,20.583931193173424,0.6493844842284742
SUV-B,1,2022-08-31,3,SeasonalNaive,,321.40000000000003,426.7766472836426,28.57396870554766,36.51650571208919,0.9644739982949703
SUV-B,1,2022-08-31,3,MovingAverage6,,96.27777777777783,137.73271619739126,8.559546388493763,8.809547246599426,0.28891541157525824
SUV-B,1,2022-08-31,3,XGBoost,,166.1487752278646,196.24381556088778,14.7714060479965,15.42458710907301,0.49858796999325095
SUV-B,1,2022-08-31,3,DeepAR,,149.4874104817709,158.0514598904425,13.290132510826005,13.657378776857843,0.4485896716929527
SUV-B,1,2022-08-31,3,LeakageSafeEnsemble,0.5,142.19862263997402,171.50992308841464,12.642125056896697,12.880581685261344,0.42671709436718547
SUV-B,1,2022-08-31,6,LastValue,,354.98333333333335,404.3353950208499,28.097832539609254,31.3574351091934,1.065252628587667
SUV-B,1,2022-08-31,6,SeasonalNaive,,305.5166666666666,375.8189612920916,24.182420220835585,29.994092896476133,0.9168104575163396
SUV-B,1,2022-08-31,6,MovingAverage6,,157.6388888888889,209.62057389483505,12.477518479919443,12.599237342861299,0.4730510561712608
SUV-B,1,2022-08-31,6,XGBoost,,275.2369608561198,326.98787896250224,21.78570459133173,23.29658641157383,0.8259455261837525
SUV-B,1,2022-08-31,6,DeepAR,,270.39692993164067,309.96148048749154,21.40260384931789,22.796343546448185,0.8114213072117435
SUV-B,1,2022-08-31,6,LeakageSafeEnsemble,0.5,265.00721028645836,316.24503045230944,20.97599384877578,22.203468151967595,0.7952475534597898
SUV-B,1,2022-08-31,12,LastValue,,362.2,403.7102818441298,29.532791563612644,32.82588606153125,1.0869087809036657
SUV-B,1,2022-08-31,12,SeasonalNaive,,298.09999999999997,349.70038842796083,24.306253906993177,28.241662332901292,0.8945541346973571
SUV-B,1,2022-08-31,12,MovingAverage6,,203.31666666666663,252.4403724974804,16.577881662272713,17.58988868398599,0.6101233304916168
SUV-B,1,2022-08-31,12,XGBoost,,307.09284362792965,353.045088347832,25.039505636501215,27.21007563862389,0.9215403321145033
SUV-B,1,2022-08-31,12,DeepAR,,283.41997375488285,319.54729688600816,23.109284952698843,24.853788778422683,0.8505015410206203
SUV-B,1,2022-08-31,12,LeakageSafeEnsemble,0.5,290.3118408203125,334.6213558541401,23.671228833227453,25.485418755963646,0.8711830176364024
SUV-B,2,2022-11-30,3,LastValue,,218.76666666666665,262.3149315866966,15.60427019187332,16.369385763834483,0.6579785452676082
SUV-B,2,2022-11-30,3,SeasonalNaive,,289.63333333333327,316.76722789244883,20.659074157730803,23.471680080863074,0.871122288561671
SUV-B,2,2022-11-30,3,MovingAverage6,,284.03333333333353,318.7870815032087,20.259635274257608,21.977066545488256,0.8542793210765341
SUV-B,2,2022-11-30,3,XGBoost,,242.90205078125004,295.09841073443744,17.325807849538748,18.40546554424407,0.7305698827467573
SUV-B,2,2022-11-30,3,DeepAR,,354.7586588541667,391.7551892811352,25.304357606279275,28.378123760286204,1.066997956455671
SUV-B,2,2022-11-30,3,LeakageSafeEnsemble,0.5263933058065483,301.7826060137697,344.83303936780044,21.525661999603155,23.543465774008787,0.9076633251196462
SUV-B,2,2022-11-30,6,LastValue,,205.8666666666666,240.08883772470548,14.820502975619116,15.591755895501805,0.6191795665964874
SUV-B,2,2022-11-30,6,SeasonalNaive,,227.5333333333333,257.52019985494985,16.38030332117489,18.261731522442474,0.6843458098425558
SUV-B,2,2022-11-30,6,MovingAverage6,,271.1333333333335,297.9510865897288,19.51910155500097,21.206893698312047,0.8154803424054134
SUV-B,2,2022-11-30,6,XGBoost,,254.30500895182288,289.55572729852435,18.30761726952075,19.75157047269707,0.76486624947914
SUV-B,2,2022-11-30,6,DeepAR,,349.4716451009114,376.47450220950657,25.158738128785135,28.358905100306274,1.0510963491807508
SUV-B,2,2022-11-30,6,LeakageSafeEnsemble,0.5263933058065483,304.4000712944566,334.47937609716917,21.914000141182804,24.193322404116792,0.9155358041582331
SUV-B,2,2022-11-30,12,LastValue,,249.45833333333334,292.2034322750733,21.308021382761392,22.48182911572374,0.7502890352196349
SUV-B,2,2022-11-30,12,SeasonalNaive,,295.325,329.73575657891075,25.225821606269616,26.90990460760126,0.888240959383619
SUV-B,2,2022-11-30,12,MovingAverage6,,260.33611111111117,296.6718393743798,22.237170224528487,23.47016419540514,0.7830058311877892
SUV-B,2,2022-11-30,12,XGBoost,,261.599169921875,301.4884085412195,22.345057116049883,23.566400478607022,0.7868046987737735
SUV-B,2,2022-11-30,12,DeepAR,,284.51373596191405,324.0925075466363,24.30235417898431,25.74497610360306,0.8557242149788478
SUV-B,2,2022-11-30,12,LeakageSafeEnsemble,0.5263933058065483,272.206133177881,309.71531931116755,23.25107375155403,24.566840489028607,0.8187069732803731
SUV-B,3,2023-02-28,3,LastValue,,228.8333333333334,248.20301502332057,16.62831536877801,15.578917942982976,0.6936193085832992
SUV-B,3,2023-02-28,3,SeasonalNaive,,165.4333333333333,179.69927657060833,12.021315247668642,13.051782964021875,0.5014468504732574
SUV-B,3,2023-02-28,3,MovingAverage6,,123.17222222222222,148.18948174550044,8.950385531468248,9.115132271355494,0.37334871790726687
SUV-B,3,2023-02-28,3,XGBoost,,81.90185546875007,89.76986622890252,5.951448865356673,5.903553886031366,0.248253641785537
SUV-B,3,2023-02-28,3,DeepAR,,302.72810872395826,317.01146731441145,21.99792481947135,24.458816883432025,0.9176025992505829
SUV-B,3,2023-02-28,3,LeakageSafeEnsemble,0.45319816208839503,92.4116879242453,108.8244476461651,6.715152325850451,6.743765787166516,0.2801101139826539
SUV-B,3,2023-02-28,6,LastValue,,415.51666666666665,506.0860911610461,34.93253373313344,32.498714799872715,1.2594772747480136
SUV-B,3,2023-02-28,6,SeasonalNaive,,290.68333333333334,321.46668826904397,24.43778110944528,26.489231769326445,0.8810935441370225
SUV-B,3,2023-02-28,6,MovingAverage6,,227.38333333333333,298.2117391869221,19.116142863147868,20.703748857417708,0.6892241971596467
SUV-B,3,2023-02-28,6,XGBoost,,266.76404215494796,399.8766782931497,22.42688356190626,23.021019120180576,0.8085915097206163
SUV-B,3,2023-02-28,6,DeepAR,,270.140234375,295.44011496803535,22.710720428337233,24.493134287474945,0.8188251241997866
SUV-B,3,2023-02-28,6,LeakageSafeEnsemble,0.45319816208839503,220.77852038677997,297.10053605117304,18.560875482642043,20.193649917536145,0.6692042738268993
SUV-B,3,2023-02-28,12,LastValue,,478.7749999999999,544.0229736264208,42.51148749139825,37.322669777913696,1.451220325420112
SUV-B,3,2023-02-28,12,SeasonalNaive,,267.4166666666667,319.10318341669154,23.744515231562673,24.32706444933337,0.8105696872701408
SUV-B,3,2023-02-28,12,MovingAverage6,,223.83611111111108,292.48573232058874,19.874901650301766,20.644807857231147,0.6784721717037001
SUV-B,3,2023-02-28,12,XGBoost,,360.22386271158854,445.8755850449578,31.985070719579884,29.87722950983926,1.0918786303971622
SUV-B,3,2023-02-28,12,DeepAR,,222.0687438964844,259.44216221354594,19.717973219959102,20.800146439359544,0.6731150849210832
SUV-B,3,2023-02-28,12,LeakageSafeEnsemble,0.45319816208839503,236.32301418916248,307.4788208529197,20.983641296291815,21.568287859467524,0.7163213650584473
SUV-B,4,2023-05-31,3,LastValue,,398.7999999999999,497.0293016177885,39.76864778619863,36.786933802716916,1.2439103337472557
SUV-B,4,2023-05-31,3,SeasonalNaive,,415.9333333333334,417.6000878033114,41.477197181225904,39.92668057463102,1.2973514831576616
SUV-B,4,2023-05-31,3,MovingAverage6,,386.2666666666666,487.03041429098084,38.51881398750165,35.937843534501,1.2048171972135742
SUV-B,4,2023-05-31,3,XGBoost,,385.6627115885417,467.53313168101374,38.45858711493236,36.04092629321919,1.2029333808575091
SUV-B,4,2023-05-31,3,DeepAR,,319.6832600911459,360.3874785470687,31.879064628155753,31.56090302108479,0.9971346809262491
SUV-B,4,2023-05-31,3,LeakageSafeEnsemble,0.40853512456950053,358.707786215368,416.08181603683533,35.77062088306422,34.34417277452981,1.118857377304157
SUV-B,4,2023-05-31,6,LastValue,,449.2166666666665,511.5098451317107,47.16763208091979,40.7112883214054,1.4011666342983025
SUV-B,4,2023-05-31,6,SeasonalNaive,,363.11666666666673,388.7604468049702,38.12715468211329,35.55807769276003,1.1326092628448459
SUV-B,4,2023-05-31,6,MovingAverage6,,436.68333333333334,500.538751413581,45.851635370911566,39.8631215055214,1.3620734977646212
SUV-B,4,2023-05-31,6,XGBoost,,411.5101318359375,475.6066387728667,43.20845582163388,38.08972137076677,1.2835549283661443
SUV-B,4,2023-05-31,6,DeepAR,,289.96075439453125,331.35558953700144,30.445803096918038,29.120162790022363,0.904426225608093
SUV-B,4,2023-05-31,6,LeakageSafeEnsemble,0.40853512456950053,361.8529388876609,412.1150308191947,37.9944635970454,34.64385438581429,1.128667527530531
SUV-B,4,2023-05-31,12,LastValue,,345.65833333333325,411.9306120776491,32.25402601846019,30.097082552764792,1.0781543951333672
SUV-B,4,2023-05-31,12,SeasonalNaive,,321.975,366.404631748381,30.044089859332356,28.77321791557803,1.0042829230398014
SUV-B,4,2023-05-31,12,MovingAverage6,,335.2138888888888,401.9624281087862,31.279435359496937,29.379164758126468,1.045576781355299
SUV-B,4,2023-05-31,12,XGBoost,,356.1747578938802,405.72180461965286,33.23533327677516,30.862318915458246,1.110956524483763
SUV-B,4,2023-05-31,12,DeepAR,,225.10472615559897,273.0542469933446,21.00494330422926,21.2941408834534,0.7021316324982342
SUV-B,4,2023-05-31,12,LeakageSafeEnsemble,0.40853512456950053,290.05929193453153,339.309478248408,27.065975406212843,26.26554355418072,0.9047335773239115
SUV-B,5,2023-08-31,3,LastValue,,467.9333333333334,495.55489436926507,51.87922687460734,42.474633563011885,1.4366610561942723
SUV-B,5,2023-08-31,3,SeasonalNaive,,310.30000000000007,357.60248414498847,34.40260172216269,31.189474810889052,0.9526911078581337
SUV-B,5,2023-08-31,3,MovingAverage6,,287.5166666666667,330.57356594259016,31.876639934956945,28.924745901259136,0.88274112695567
SUV-B,5,2023-08-31,3,XGBoost,,454.19072265625,491.28788505579723,50.35559954058723,41.432593559418706,1.3944681364688014
SUV-B,5,2023-08-31,3,DeepAR,,288.1950358072917,337.8265366388873,31.95184993613493,28.92347340788643,0.8848238734852181
SUV-B,5,2023-08-31,3,LeakageSafeEnsemble,0.5074991202432066,369.9480416922743,411.8337709450761,41.015711041680134,35.335050699950514,1.1358240724774726
SUV-B,5,2023-08-31,6,LastValue,,306.9333333333334,369.0620498868269,28.87516071372574,26.949630381499944,0.942354680541164
SUV-B,5,2023-08-31,6,SeasonalNaive,,244.15,316.7220416495617,22.96873530057387,22.1648971293403,0.7495956622093565
SUV-B,5,2023-08-31,6,MovingAverage6,,176.32777777777778,240.8426716759304,16.58826972728318,17.112290528352293,0.5413661165236027
SUV-B,5,2023-08-31,6,XGBoost,,309.78685302734374,371.4237627731396,29.143609366302837,27.127265688335743,0.9511156307138411
SUV-B,5,2023-08-31,6,DeepAR,,192.697021484375,249.97810152456879,18.12822805522672,18.475157075215463,0.5916233930999413
SUV-B,5,2023-08-31,6,LeakageSafeEnsemble,0.5074991202432066,230.04742804860913,300.118628348078,21.64201712646453,21.304477218362113,0.7062975800436471
SUV-B,5,2023-08-31,12,LastValue,,283.95000000000005,327.3143366857004,25.651178897286886,24.114618337740094,0.8717906544515536
SUV-B,5,2023-08-31,12,SeasonalNaive,,295.40000000000003,349.86611486872135,26.68553705320847,26.470899029915913,0.9069447414157031
SUV-B,5,2023-08-31,12,MovingAverage6,,158.91111111111113,211.6831063169662,14.35554618727855,14.568349698952845,0.4878930148095759
SUV-B,5,2023-08-31,12,XGBoost,,277.4884928385416,323.1051125471214,25.06746600366241,23.633804265244095,0.8519523675805155
SUV-B,5,2023-08-31,12,DeepAR,,166.5409851074219,218.5684432196974,15.044805785246943,15.194359184979337,0.5113184518394286
SUV-B,5,2023-08-31,12,LeakageSafeEnsemble,0.5074991202432066,209.29442920574994,261.3210094612433,18.907021819905744,18.56719593981343,0.6425811847520516
SUV-B,6,2023-11-30,3,LastValue,,287.8666666666667,297.3375522869589,23.519159018491788,26.449772442217846,0.8859468839438168
SUV-B,6,2023-11-30,3,SeasonalNaive,,178.0,269.7149730116344,14.542879708053052,13.140319447791546,0.5478180129990715
SUV-B,6,2023-11-30,3,MovingAverage6,,271.58333333333337,281.6023955272161,22.18878509763338,24.755023379730925,0.8358328203951191
SUV-B,6,2023-11-30,3,XGBoost,,226.76641031901045,243.34005078838013,18.527172062339154,20.220248498769934,0.6979029455949014
SUV-B,6,2023-11-30,3,DeepAR,,58.55253906249997,67.50695257840499,4.783834450488845,4.736614443935294,0.18020300901836658
SUV-B,6,2023-11-30,3,LeakageSafeEnsemble,0.5643735962178972,105.57261713303289,129.77793853550335,8.62544871589909,8.830281970401087,0.32491337834230233
SUV-B,6,2023-11-30,6,LastValue,,254.9333333333333,313.56331630682394,21.405580900668923,22.68674064543582,0.7845902927747002
SUV-B,6,2023-11-30,6,SeasonalNaive,,280.8333333333333,342.5930871067502,23.580284922611884,21.988358138396027,0.8643008912953516
SUV-B,6,2023-11-30,6,MovingAverage6,,244.07777777777778,300.4778569212713,20.494089768348775,21.567333604824835,0.7511809170755683
SUV-B,6,2023-11-30,6,XGBoost,,223.61300659179688,272.7321995935834,18.775756941850897,19.51605667022305,0.6881979379318339
SUV-B,6,2023-11-30,6,DeepAR,,149.2389200846354,179.309016162651,12.530906553609288,12.505605217997715,0.4593020711398438
SUV-B,6,2023-11-30,6,LeakageSafeEnsemble,0.5643735962178972,156.82199247282526,197.79014638754478,13.167622307326704,13.181028152521373,0.48263995680347466
SUV-B,6,2023-11-30,12,LastValue,,251.91666666666663,288.6373099006202,21.20540411621936,22.95474943457615,0.7753061110937233
SUV-B,6,2023-11-30,12,SeasonalNaive,,298.84166666666664,344.1611383736791,25.155375355995453,26.616042320796936,0.919723865363282
SUV-B,6,2023-11-30,12,MovingAverage6,,238.3472222222222,274.542606994899,20.063178963416057,21.54450350866458,0.7335443914698084
SUV-B,6,2023-11-30,12,XGBoost,,234.9859517415365,266.03104364121083,19.78023976836402,21.24334524210187,0.7231996469985631
SUV-B,6,2023-11-30,12,DeepAR,,115.15891520182288,141.4955584901053,9.693647374555441,9.66042866882056,0.35441645002804034
SUV-B,6,2023-11-30,12,LeakageSafeEnsemble,0.5643735962178972,127.6583268826217,166.99203573231088,10.74580116578137,10.813556728530173,0.39288500548103245
SUV-B,7,2024-02-29,3,LastValue,,220.53333333333333,243.34903602302052,19.044877515184663,18.65513156221572,0.693902269859153
SUV-B,7,2024-02-29,3,SeasonalNaive,,383.6666666666667,402.48463324703465,33.13279023575808,30.836396829000506,1.2071969658523052
SUV-B,7,2024-02-29,3,MovingAverage6,,193.6888888888889,260.8341789123674,16.726637688668834,16.183458465615903,0.6094369391467531
SUV-B,7,2024-02-29,3,XGBoost,,172.78032226562502,233.81623082077644,14.92101001171234,14.2865153074693,0.5436486901773572
SUV-B,7,2024-02-29,3,DeepAR,,234.76038411458333,247.19759406295802,20.273501031801434,19.854704829968163,0.7386673068777934
SUV-B,7,2024-02-29,3,LeakageSafeEnsemble,0.5912472050812748,205.72346705025004,232.2991910216399,17.765923059119434,17.35879142777589,0.6473034193597181
SUV-B,7,2024-02-29,6,LastValue,,126.16666666666669,173.7426257427923,10.961800225897074,10.710628996232845,0.39698006218514126
SUV-B,7,2024-02-29,6,SeasonalNaive,,346.6499999999999,380.1312207646196,30.118161545367656,30.776900930491525,1.090725008373679
SUV-B,7,2024-02-29,6,MovingAverage6,,137.34444444444446,194.614359410833,11.932964561190111,11.7393916026486,0.4321506427715131
SUV-B,7,2024-02-29,6,XGBoost,,180.44129435221353,218.36123411335524,15.677369256469653,16.13175839458784,0.5677537351601778
SUV-B,7,2024-02-29,6,DeepAR,,152.70617675781253,182.7662556882103,13.267645465360639,12.960496119686196,0.48048592506239035
SUV-B,7,2024-02-29,6,LeakageSafeEnsemble,0.5912472050812748,130.34004945293307,174.44277938250593,11.324398284305923,11.133877286504783,0.41011150016147757
SUV-B,7,2024-02-29,12,LastValue,,171.4416666666667,214.43183648889456,13.736854405234869,13.810569706678146,0.5394366459270087
SUV-B,7,2024-02-29,12,SeasonalNaive,,314.4,346.7037664443043,25.19146663105532,27.79843838791085,0.989251240827015
SUV-B,7,2024-02-29,12,MovingAverage6,,209.74722222222218,263.2580636097507,16.8061073459531,17.257958961853113,0.6599640580259317
SUV-B,7,2024-02-29,12,XGBoost,,215.97282816569012,246.20068150463473,17.304937321725912,18.16983243258118,0.6795527616025084
SUV-B,7,2024-02-29,12,DeepAR,,171.35913696289063,199.4085105227567,13.730241668979318,13.809580145785533,0.5391769684083523
SUV-B,7,2024-02-29,12,LeakageSafeEnsemble,0.5912472050812748,167.03297858387597,204.97326998732342,13.383605936009827,13.474391691337258,0.5255648260913853
SUV-B,8,2024-05-31,3,LastValue,,101.9666666666667,107.4766486265738,8.913429878492966,9.283637008712502,0.3177963392725856
SUV-B,8,2024-05-31,3,SeasonalNaive,,309.6333333333334,356.3784645569932,27.066639470847058,30.717405031982548,0.9650245817270503
SUV-B,8,2024-05-31,3,MovingAverage6,,47.622222222222184,57.99162774822647,4.162902959487939,4.120800759225126,0.14842269915247905
SUV-B,8,2024-05-31,3,XGBoost,,149.9994018554688,163.5755938165305,13.112217884157651,14.036580924142916,0.467498471422806
SUV-B,8,2024-05-31,3,DeepAR,,95.9366536458333,97.99103562268124,8.386315479399165,8.07778528952872,0.29900278519818013
SUV-B,8,2024-05-31,3,LeakageSafeEnsemble,0.5535513851414305,33.2002189868017,42.261119495976686,2.902201607284743,2.885471653992674,0.103474090131289
SUV-B,8,2024-05-31,6,LastValue,,143.0,163.70348194219935,12.067510548523206,12.605491330101733,0.44568365331134085
SUV-B,8,2024-05-31,6,SeasonalNaive,,316.84999999999997,345.7220776866875,26.73839662447257,31.24372650319785,0.9875165423195688
SUV-B,8,2024-05-31,6,MovingAverage6,,72.26666666666665,79.90889256591598,6.0984528832630085,6.070949761821861,0.22523127281561464
SUV-B,8,2024-05-31,6,XGBoost,,187.27597045898438,206.5799803487028,15.803879363627374,16.94801475989639,0.5836771936474608
SUV-B,8,2024-05-31,6,DeepAR,,77.86105550130203,84.15337322860259,6.570553206860931,6.532493959336224,0.2426671305349466
SUV-B,8,2024-05-31,6,LeakageSafeEnsemble,0.5535513851414305,68.72966039172623,94.05349921314887,5.7999713410739435,5.751853679457806,0.21420759534428188
SUV-B,8,2024-05-31,12,LastValue,,318.2583333333334,374.85116713170305,23.396903774405597,25.3190689062662,0.9919058510264231
SUV-B,8,2024-05-31,12,SeasonalNaive,,330.7,380.78137647036607,24.311558466222714,28.60394777400794,1.0306824066437792
SUV-B,8,2024-05-31,12,MovingAverage6,,208.40833333333345,260.5469231571671,15.321231873847502,15.546520567032038,0.6495397718918025
SUV-B,8,2024-05-31,12,XGBoost,,310.6740590413412,348.6200268503936,22.839342456372222,24.81448901645997,0.968268179179078
SUV-B,8,2024-05-31,12,DeepAR,,189.63848673502602,235.33424660207282,13.941358202916799,14.028336756681972,0.5910403746608437
SUV-B,8,2024-05-31,12,LeakageSafeEnsemble,0.5535513851414305,214.6848800755306,274.7750818431415,15.782655015936722,16.055118878566297,0.6691016899494375
