scope,horizon,model_a,model_b,hac_lag,n,mean_diff,dm_stat,p_value,p_holm
B-Sedan,3,LeakageSafeEnsemble,SeasonalNaive,0,8,-3.039339336509349,-1.2930846795405695,0.23701897725015642,1.0
B-Sedan,3,LeakageSafeEnsemble,XGBoost,0,8,-0.061153639568590434,-0.08577177744120235,0.9340495976862093,1.0
B-Sedan,3,LeakageSafeEnsemble,DeepAR,0,8,-1.4521257539861165,-1.2841867291805709,0.23994296888734037,1.0
B-Sedan,3,XGBoost,SeasonalNaive,0,8,-2.9781856969407583,-1.536736842527667,0.16823995261317112,1.0
B-Sedan,3,DeepAR,SeasonalNaive,0,8,-1.587213582523232,-0.5332464830815816,0.6103672982660575,1.0
B-Sedan,3,DeepAR,XGBoost,0,8,1.3909721144175262,0.859045370264724,0.41875814641233466,1.0
B-Sedan,6,LeakageSafeEnsemble,SeasonalNaive,1,8,-3.261682673715951,-1.2390913380669317,0.2552436762650334,0.7657310287951002
B-Sedan,6,LeakageSafeEnsemble,XGBoost,1,8,0.4490613734217259,0.61166126443756,0.5600945665142271,1.0
B-Sedan,6,LeakageSafeEnsemble,DeepAR,1,8,-1.739573378449457,-1.7373129347114267,0.12590108170351502,0.7372879991688601
B-Sedan,6,XGBoost,SeasonalNaive,1,8,-3.7107440471376774,-1.7539576732331235,0.12288133319481001,0.7372879991688601
B-Sedan,6,DeepAR,SeasonalNaive,1,8,-1.5221092952664943,-0.5302528674059156,0.6123346668331593,1.0
B-Sedan,6,DeepAR,XGBoost,1,8,2.1886347518711826,1.4716203776115917,0.18459819942378417,0.7383927976951367
B-Sedan,12,LeakageSafeEnsemble,SeasonalNaive,3,8,-2.06170108240959,-1.5574809946985306,0.1633143323170016,0.3266286646340032
B-Sedan,12,LeakageSafeEnsemble,XGBoost,3,8,1.0748980414317235,2.727644763961969,0.029438655550680218,0.14385603422725335
B-Sedan,12,LeakageSafeEnsemble,DeepAR,3,8,-2.447165082552715,-2.7435310058083147,0.028771206845450672,0.14385603422725335
B-Sedan,12,XGBoost,SeasonalNaive,3,8,-3.1365991238413136,-2.4992007064942148,0.04104018950285566,0.14385603422725335
B-Sedan,12,DeepAR,SeasonalNaive,3,8,0.38546400014312465,0.2740348303227261,0.7919681703845458,0.7919681703845458
B-Sedan,12,DeepAR,XGBoost,3,8,3.522063123984438,2.873199388198956,0.023882534646270957,0.14329520787762573
B_HB,3,LeakageSafeEnsemble,SeasonalNaive,0,8,-4.194296738914954,-1.6859182183905084,0.13567649027959125,0.8140589416775474
B_HB,3,LeakageSafeEnsemble,XGBoost,0,8,-1.294342195241733,-1.0430179545440743,0.331616521846983,1.0
B_HB,3,LeakageSafeEnsemble,DeepAR,0,8,-0.14056428624177042,-0.11678545285636685,0.9103101254563579,1.0
B_HB,3,XGBoost,SeasonalNaive,0,8,-2.899954543673221,-1.0175183740956701,0.34277890121360327,1.0
B_HB,3,DeepAR,SeasonalNaive,0,8,-4.053732452673184,-1.5463473818608482,0.16594122473590858,0.8297061236795429
B_HB,3,DeepAR,XGBoost,0,8,-1.1537779089999627,-0.49925627788418,0.6329048968139386,1.0
B_HB,6,LeakageSafeEnsemble,SeasonalNaive,1,8,-4.35174319154179,-2.0942142148068115,0.07450498384618534,0.3725249192309267
B_HB,6,LeakageSafeEnsemble,XGBoost,1,8,-0.9214028574116918,-0.7964873696777341,0.4519115441403482,1.0
B_HB,6,LeakageSafeEnsemble,DeepAR,1,8,-0.37005546670907674,-0.3848194866208328,0.7117959681256324,1.0
B_HB,6,XGBoost,SeasonalNaive,1,8,-3.4303403341300984,-1.1951422017471642,0.27094670752698136,1.0
B_HB,6,DeepAR,SeasonalNaive,1,8,-3.9816877248327134,-2.65165386049507,0.032862710040248176,0.19717626024148904
B_HB,6,DeepAR,XGBoost,1,8,-0.5513473907026151,-0.27628588038276136,0.7903079053892209,1.0
B_HB,12,LeakageSafeEnsemble,SeasonalNaive,3,8,-4.306571249654914,-2.4774500964066215,0.04236805002441651,0.22264847568882806
B_HB,12,LeakageSafeEnsemble,XGBoost,3,8,-0.5037341645981872,-0.46333806609453215,0.6571833787588146,1.0
B_HB,12,LeakageSafeEnsemble,DeepAR,3,8,-0.5109228862136899,-1.034328371884185,0.33538769235140564,1.0
B_HB,12,XGBoost,SeasonalNaive,3,8,-3.802837085056727,-2.5681458737363436,0.03710807928147134,0.22264847568882806
B_HB,12,DeepAR,SeasonalNaive,3,8,-3.7956483634412246,-1.9074625783261592,0.09812313980658997,0.3924925592263599
B_HB,12,DeepAR,XGBoost,3,8,0.007188721615502658,0.004735782143321261,0.9963535443010296,1.0
SUV-A,3,LeakageSafeEnsemble,SeasonalNaive,0,8,-2.582091141000401,-1.0135888487526958,0.3445249621283718,1.0
SUV-A,3,LeakageSafeEnsemble,XGBoost,0,8,-0.559887797905139,-0.4435783043750143,0.6707341144742374,1.0
SUV-A,3,LeakageSafeEnsemble,DeepAR,0,8,-0.2781571759648297,-0.22292127910105192,0.8299620112821179,1.0
SUV-A,3,XGBoost,SeasonalNaive,0,8,-2.0222033430952617,-0.6876110051657436,0.5138286842822126,1.0
SUV-A,3,DeepAR,SeasonalNaive,0,8,-2.3039339650355712,-0.9267291104858942,0.3849053788308173,1.0
SUV-A,3,DeepAR,XGBoost,0,8,-0.2817306219403093,-0.11988481108139407,0.9079426745463441,1.0
SUV-A,6,LeakageSafeEnsemble,SeasonalNaive,1,8,-0.8023548579956972,-0.32043083703455266,0.7579950532392917,1.0
SUV-A,6,LeakageSafeEnsemble,XGBoost,1,8,-0.29022280407205436,-0.21807322630737444,0.8335929922963019,1.0
SUV-A,6,LeakageSafeEnsemble,DeepAR,1,8,-0.6579295488084593,-0.38580250440702285,0.7111000093311275,1.0
SUV-A,6,XGBoost,SeasonalNaive,1,8,-0.5121320539236428,-0.1644923808759643,0.8739926836762454,1.0
SUV-A,6,DeepAR,SeasonalNaive,1,8,-0.14442530918723784,-0.05966449983967685,0.9540904823837374,1.0
SUV-A,6,DeepAR,XGBoost,1,8,0.3677067447364051,0.12390653443464986,0.9048721721998696,1.0
SUV-A,12,LeakageSafeEnsemble,SeasonalNaive,3,8,-0.6166805023923267,-0.39349497707952913,0.7056641217501027,1.0
SUV-A,12,LeakageSafeEnsemble,XGBoost,3,8,0.6088841033501193,0.5204465720787327,0.6188032340039807,1.0
SUV-A,12,LeakageSafeEnsemble,DeepAR,3,8,-1.8217211467719212,-2.0136593292125187,0.08391158733547684,0.503469524012861
SUV-A,12,XGBoost,SeasonalNaive,3,8,-1.225564605742446,-1.15502805324144,0.2859795710786802,1.0
SUV-A,12,DeepAR,SeasonalNaive,3,8,1.2050406443795945,0.5215788240854975,0.6180544936768844,1.0
SUV-A,12,DeepAR,XGBoost,3,8,2.4306052501220403,1.2048990196322402,0.2673920102189962,1.0
SUV-B,3,LeakageSafeEnsemble,SeasonalNaive,0,8,-8.114202717449496,-2.3160109426058995,0.05370910069903957,0.32225460419423746
SUV-B,3,LeakageSafeEnsemble,XGBoost,0,8,-3.3075505859028413,-1.5974408360508474,0.1541991007521595,0.616796403008638
SUV-B,3,LeakageSafeEnsemble,DeepAR,0,8,-1.3630169716448546,-0.5219956727034054,0.6177789607196896,1.0
SUV-B,3,XGBoost,SeasonalNaive,0,8,-4.806652131546655,-1.2269037188246474,0.25951908891342335,0.77855726674027
SUV-B,3,DeepAR,SeasonalNaive,0,8,-6.751185745804641,-1.912580667532154,0.09738713610855829,0.48693568054279146
SUV-B,3,DeepAR,XGBoost,0,8,-1.944533614257987,-0.4810749162731695,0.6451363491276378,1.0
SUV-B,6,LeakageSafeEnsemble,SeasonalNaive,1,8,-6.894236949722237,-1.4981586729849807,0.17776402585090095,0.8527509778727728
SUV-B,6,LeakageSafeEnsemble,XGBoost,1,8,-4.218741755478281,-2.1748280568361897,0.06614385163898176,0.39686310983389056
SUV-B,6,LeakageSafeEnsemble,DeepAR,1,8,0.1455179180501568,0.08830775186474225,0.9321053717492636,0.9697037600223521
SUV-B,6,XGBoost,SeasonalNaive,1,8,-2.6754951942439553,-0.7374091977495039,0.4848518800111761,0.9697037600223521
SUV-B,6,DeepAR,SeasonalNaive,1,8,-7.039754867772395,-1.527198840638192,0.17055019557455456,0.8527509778727728
SUV-B,6,DeepAR,XGBoost,1,8,-4.364259673528439,-1.3768381890821526,0.21098159442537145,0.8527509778727728
SUV-B,12,LeakageSafeEnsemble,SeasonalNaive,3,8,-6.359201860714998,-1.4920069490713004,0.17932743281220923,0.5379822984366277
SUV-B,12,LeakageSafeEnsemble,XGBoost,3,8,-5.475743634263862,-2.7186831817986343,0.02982229894787794,0.17893379368726764
SUV-B,12,LeakageSafeEnsemble,DeepAR,3,8,1.6557993171687233,1.463164707098665,0.1868252150144145,0.5379822984366277
SUV-B,12,XGBoost,SeasonalNaive,3,8,-0.8834582264511344,-0.2708065363114165,0.7943512228058032,0.7943512228058032
SUV-B,12,DeepAR,SeasonalNaive,3,8,-8.01500117788372,-1.7422159345599435,0.12500429362242158,0.5000171744896863
SUV-B,12,DeepAR,XGBoost,3,8,-7.131542951432586,-2.4369517717972125,0.04495956848155463,0.22479784240777315
All segments,3,LeakageSafeEnsemble,SeasonalNaive,0,8,-4.482482483468551,-2.5334292787518513,0.03903687468699238,0.1951843734349619
All segments,3,LeakageSafeEnsemble,XGBoost,0,8,-1.3057335546545759,-1.758040823842334,0.1221511729629455,0.488604691851782
All segments,3,LeakageSafeEnsemble,DeepAR,0,8,-0.8084660469593927,-0.6735184981152422,0.5222265143067395,1.0
All segments,3,XGBoost,SeasonalNaive,0,8,-3.176748928813975,-1.4217092523133554,0.19809790182604725,0.5942937054781418
All segments,3,DeepAR,SeasonalNaive,0,8,-3.6740164365091577,-2.7274695692651267,0.02944610591286519,0.17667663547719115
All segments,3,DeepAR,XGBoost,0,8,-0.497267507695183,-0.27869890233363626,0.7885294739478128,1.0
All segments,6,LeakageSafeEnsemble,SeasonalNaive,1,8,-3.827504418243919,-1.8864670286179852,0.10119952928847493,0.5059976464423747
All segments,6,LeakageSafeEnsemble,XGBoost,1,8,-1.245326510885076,-1.7061469700770404,0.13174608937363833,0.5269843574945533
All segments,6,LeakageSafeEnsemble,DeepAR,1,8,-0.655510118979209,-0.6159291456399916,0.5574300009569442,1.0
All segments,6,XGBoost,SeasonalNaive,1,8,-2.582177907358844,-1.0735158578661739,0.3186465026650055,0.9559395079950165
All segments,6,DeepAR,SeasonalNaive,1,8,-3.1719942992647105,-2.169034867082949,0.06671202921168279,0.40027217527009673
All segments,6,DeepAR,XGBoost,1,8,-0.589816391905867,-0.3378448965094664,0.7453855702479639,1.0
All segments,12,LeakageSafeEnsemble,SeasonalNaive,3,8,-3.336038673792957,-2.666888851735686,0.03214436051212236,0.1928661630727342
All segments,12,LeakageSafeEnsemble,XGBoost,3,8,-1.0739239135200502,-1.8283395589490632,0.11021328975777744,0.4408531590311098
All segments,12,LeakageSafeEnsemble,DeepAR,3,8,-0.7810024495924,-1.582262469378752,0.15760447500883368,0.4707364567525798
All segments,12,XGBoost,SeasonalNaive,3,8,-2.2621147602729064,-1.585323480734253,0.15691215225085994,0.4707364567525798
All segments,12,DeepAR,SeasonalNaive,3,8,-2.555036224200556,-2.3545246115941034,0.05074847093810736,0.2537423546905368
All segments,12,DeepAR,XGBoost,3,8,-0.2929214639276503,-0.29270897601629464,0.7782308788888099,0.7782308788888099
