slope_factor,strategy,total_budget_mclp,expected_incremental_sales,expected_incremental_profit_mclp,all_constraints_ok,alloc_City Hatchback,alloc_Compact Sedan,alloc_Compact SUV,alloc_Family SUV,alloc_Legacy Diesel SUV
0.8,Equal,300.0,57.2,50.61835999999998,True,,,,,
0.8,ForecastShare,300.00000000000006,55.97438777010143,36.976942125532844,True,,,,,
0.8,Optimized,230.0,47.92,73.85176,True,35.0,35.0,80.0,80.0,0.0
0.8,PriorYearShare,300.0,56.66488888888889,44.02303051851851,True,,,,,
0.9,Equal,300.0,64.35000000000001,94.44565500000004,True,,,,,
0.9,ForecastShare,300.00000000000006,62.97118624136411,79.09905989122446,True,,,,,
0.9,Optimized,275.0,61.2,106.21381000000002,True,35.0,80.0,80.0,80.0,0.0
0.9,PriorYearShare,300.0,63.748000000000005,87.02590933333337,True,,,,,
1.0,Equal,300.0,71.5,138.27295,True,,,,,
1.0,ForecastShare,300.00000000000006,69.96798471262679,121.22117765691607,True,,,,,
1.0,Optimized,275.0,68.0,148.5709,True,35.0,80.0,80.0,80.0,0.0
1.0,PriorYearShare,300.0,70.83111111111111,130.02878814814815,True,,,,,
1.1,Equal,300.0,78.65,182.1002450000001,True,,,,,
1.1,ForecastShare,300.00000000000006,76.96478318388947,163.3432954226077,True,,,,,
1.1,Optimized,300.0,80.30000000000001,191.6679900000001,True,60.0,80.0,80.0,80.0,0.0
1.1,PriorYearShare,300.0,77.91422222222224,173.03166696296302,True,,,,,
1.2,Equal,300.0,85.8,225.92753999999996,True,,,,,
1.2,ForecastShare,300.00000000000006,83.96158165515214,205.4654131882993,True,,,,,
1.2,Optimized,300.0,87.60000000000001,236.36508000000003,True,60.0,80.0,80.0,80.0,0.0
1.2,PriorYearShare,300.0,84.99733333333333,216.03454577777777,True,,,,,
