target,horizon,model,coverage_80,interval_width_pct,interval_score_pct,scaled_CRPS
B-Sedan,3,DeepAR,75.0,40.11427640962922,54.56396544286931,10.027706546591155
B-Sedan,3,SeasonalNaive,79.16666666666666,50.509734906663276,67.78506827461511,11.031485678519134
B-Sedan,6,DeepAR,70.83333333333333,40.08736646906675,60.64186222123861,10.67248042503046
B-Sedan,6,SeasonalNaive,77.08333333333334,51.13265857207905,70.26844578074099,11.648652795943576
B-Sedan,12,DeepAR,70.83333333333333,41.39000712722164,63.41982940956955,11.293876285211905
B-Sedan,12,SeasonalNaive,81.25,50.88252869614343,64.25425640621458,10.787056128235944
B_HB,3,DeepAR,91.66666666666666,42.548554423028456,47.70769540521345,8.97872134858482
B_HB,3,SeasonalNaive,87.5,53.552307010195236,66.85213023328797,11.559644807489342
B_HB,6,DeepAR,85.41666666666667,42.10456769091403,50.06522960924683,8.902479770910237
B_HB,6,SeasonalNaive,87.5,53.67824371250319,66.39320272808993,11.625536828670436
B_HB,12,DeepAR,82.29166666666667,43.00419265959694,57.00320170541893,10.017725574797177
B_HB,12,SeasonalNaive,85.41666666666667,52.95399982560087,70.92797991906663,12.350831483277625
SUV-A,3,DeepAR,91.66666666666666,59.172994622804964,63.33064908713892,10.70978868432596
SUV-A,3,SeasonalNaive,83.33333333333333,61.303441488850936,74.01061614959995,13.003829966664558
SUV-A,6,DeepAR,83.33333333333334,58.84653201128566,64.34343881545982,11.973406829221027
SUV-A,6,SeasonalNaive,83.33333333333334,61.67528459179365,75.5006176275756,13.33440213548861
SUV-A,12,DeepAR,82.29166666666666,59.159055261343525,67.82774914598528,13.011470447458485
SUV-A,12,SeasonalNaive,82.29166666666666,60.15442313523005,75.26505319809661,13.255597251083532
SUV-B,3,DeepAR,79.16666666666666,64.33444738750987,86.01802733605979,14.228748684286607
SUV-B,3,SeasonalNaive,75.0,82.24143234360267,104.03922181816466,19.21876058945203
SUV-B,6,DeepAR,81.25,62.598103370336965,80.38916246672707,13.756366662794994
SUV-B,6,SeasonalNaive,77.08333333333333,81.06742374394165,98.94081460603405,18.57249529153462
SUV-B,12,DeepAR,83.33333333333334,63.24512215970806,76.58195070530765,12.841608453066685
SUV-B,12,SeasonalNaive,79.16666666666666,79.62820974766007,97.44658450671373,18.339674285107087
