model,horizon,nominal_level,observed_share_below,n
DeepAR,12,0.05,0.046875,384
DeepAR,12,0.1,0.13541666666666666,384
DeepAR,12,0.15,0.24479166666666666,384
DeepAR,12,0.2,0.3072916666666667,384
DeepAR,12,0.25,0.3515625,384
DeepAR,12,0.3,0.4036458333333333,384
DeepAR,12,0.35,0.4479166666666667,384
DeepAR,12,0.4,0.5,384
DeepAR,12,0.45,0.5286458333333334,384
DeepAR,12,0.5,0.5598958333333334,384
DeepAR,12,0.55,0.6041666666666666,384
DeepAR,12,0.6,0.6484375,384
DeepAR,12,0.65,0.6848958333333334,384
DeepAR,12,0.7,0.7135416666666666,384
DeepAR,12,0.75,0.7552083333333334,384
DeepAR,12,0.8,0.8020833333333334,384
DeepAR,12,0.85,0.8489583333333334,384
DeepAR,12,0.9,0.9322916666666666,384
DeepAR,12,0.95,0.9739583333333334,384
SeasonalNaive,12,0.05,0.046875,384
SeasonalNaive,12,0.1,0.125,384
SeasonalNaive,12,0.15,0.2604166666666667,384
SeasonalNaive,12,0.2,0.296875,384
SeasonalNaive,12,0.25,0.3359375,384
SeasonalNaive,12,0.3,0.3854166666666667,384
SeasonalNaive,12,0.35,0.4296875,384
SeasonalNaive,12,0.4,0.4713541666666667,384
SeasonalNaive,12,0.45,0.5390625,384
SeasonalNaive,12,0.5,0.59375,384
SeasonalNaive,12,0.55,0.6354166666666666,384
SeasonalNaive,12,0.6,0.671875,384
SeasonalNaive,12,0.65,0.71875,384
SeasonalNaive,12,0.7,0.7630208333333334,384
SeasonalNaive,12,0.75,0.828125,384
SeasonalNaive,12,0.8,0.8619791666666666,384
SeasonalNaive,12,0.85,0.9270833333333334,384
SeasonalNaive,12,0.9,0.9427083333333334,384
SeasonalNaive,12,0.95,0.953125,384
