strategy,scenario,demand_factor,model,forecast_target,factory,base_demand,forecast_lower,forecast_upper,inventory,supply_available,factory_capacity,lifecycle,unit_revenue_mclp,pre_tariff_cost_mclp,tariff_rate,tariff_adjusted_cost_mclp,unit_margin_mclp,regulatory_allowed,strategic_weight,min_budget_mclp,max_budget_mclp,prior_year_sales,scenario_base_demand,allocated_mclp,expected_incremental_sales,expected_sales,expected_revenue_mclp,expected_contribution_mclp,expected_incremental_profit_mclp,inventory_depletion_units
Optimized,downside,0.85,City Hatchback,B_HB,Plant North,4977.0,4230.45,5723.55,3930,1600,2557,mature,13.8,7.0,0.06,7.42,4.68,True,1.0,0,105,2150,4230.45,35.0,10.85,4241.3,58529.94,19814.284,15.777999999999999,3930.0
Optimized,downside,0.85,Compact Sedan,B-Sedan,Plant North,6690.6,5687.01,7694.19,5984,1450,2557,phase-out,16.2,8.3,0.06,8.798,5.402,True,1.08,30,115,2450,5687.01,80.0,18.25,5705.26,92425.212,30739.814520000004,18.5865,5705.26
Optimized,downside,0.85,Compact SUV,SUV-A,Plant South,3809.7,3238.25,4381.15,2433,1800,2980,growth,20.5,10.7,0.06,11.342,6.758,True,1.18,45,135,1880,3238.245,80.0,21.8,3260.045,66830.9225,21951.38411,67.3244,2433.0
Optimized,downside,0.85,Family SUV,SUV-B,Plant South,2838.6,2412.81,3264.39,1704,1450,2980,mature,24.0,13.0,0.06,13.78,7.42,True,1.05,15,125,1620,2412.81,80.0,17.1,2429.91,58317.84,17949.9322,46.882000000000005,1704.0
Optimized,downside,0.85,Legacy Diesel SUV,not_applicable,Plant South,0.0,0.0,0.0,0,0,2980,phase-out,22.0,12.5,0.08,13.5,5.8,False,0.85,0,0,420,0.0,0.0,0.0,0.0,0.0,0.0,0.0,0.0
Optimized,base,1.0,City Hatchback,B_HB,Plant North,4977.0,4230.45,5723.55,3930,1600,2557,mature,13.8,7.0,0.06,7.42,4.68,True,1.0,0,105,2150,4977.0,35.0,10.85,4987.85,68832.33,23308.138,15.777999999999999,3930.0
Optimized,base,1.0,Compact Sedan,B-Sedan,Plant North,6690.6,5687.01,7694.19,5984,1450,2557,phase-out,16.2,8.3,0.06,8.798,5.402,True,1.08,30,115,2450,6690.6,80.0,18.25,6708.85,108683.37,36161.207700000006,18.5865,5984.0
Optimized,base,1.0,Compact SUV,SUV-A,Plant South,3809.7,3238.25,4381.15,2433,1800,2980,growth,20.5,10.7,0.06,11.342,6.758,True,1.18,45,135,1880,3809.7,80.0,21.8,3831.5,78545.75,25813.277,67.3244,2433.0
Optimized,base,1.0,Family SUV,SUV-B,Plant South,2838.6,2412.81,3264.39,1704,1450,2980,mature,24.0,13.0,0.06,13.78,7.42,True,1.05,15,125,1620,2838.6,80.0,17.1,2855.7,68536.79999999999,21109.293999999998,46.882000000000005,1704.0
Optimized,base,1.0,Legacy Diesel SUV,not_applicable,Plant South,0.0,0.0,0.0,0,0,2980,phase-out,22.0,12.5,0.08,13.5,5.8,False,0.85,0,0,420,0.0,0.0,0.0,0.0,0.0,0.0,0.0,0.0
Optimized,upside,1.15,City Hatchback,B_HB,Plant North,4977.0,4230.45,5723.55,3930,1600,2557,mature,13.8,7.0,0.06,7.42,4.68,True,1.0,0,105,2150,5308.8,35.0,10.85,5319.650000000001,73411.17000000001,24860.962,15.777999999999999,3930.0
Optimized,upside,1.15,Compact Sedan,B-Sedan,Plant North,6690.6,5687.01,7694.19,5984,1450,2557,phase-out,16.2,8.3,0.06,8.798,5.402,True,1.08,30,115,2450,7136.639999999999,60.33333333333556,14.710000000000399,7151.349999999999,115851.86999999998,38571.259366666665,19.1300866666666,5984.0
Optimized,upside,1.15,Compact SUV,SUV-A,Plant South,3809.7,3238.25,4381.15,2433,1800,2980,growth,20.5,10.7,0.06,11.342,6.758,True,1.18,45,135,1880,4063.68,53.77272727272941,16.03000000000047,4079.7100000000005,83634.05500000001,27516.907452727275,54.55801272727376,2433.0
Optimized,upside,1.15,Family SUV,SUV-B,Plant South,2838.6,2412.81,3264.39,1704,1450,2980,mature,24.0,13.0,0.06,13.78,7.42,True,1.05,15,125,1620,3027.8399999999997,35.0,9.450000000000001,3037.2899999999995,72894.95999999999,22501.691799999997,35.119000000000014,1704.0
Optimized,upside,1.15,Legacy Diesel SUV,not_applicable,Plant South,0.0,0.0,0.0,0,0,2980,phase-out,22.0,12.5,0.08,13.5,5.8,False,0.85,0,0,420,0.0,0.0,0.0,0.0,0.0,0.0,0.0,0.0
