Date,Population,Low,Middle,High,Interest Rate,Crude_Oil_USD_per_Barrel,Iron_Ore_USD_per_Ton,Copper_USD_per_Ton,Anac Market Size,Total Market Size,OEM_A,OEM_B,B-Sedan,B_HB,C_Sedan,C_HB,SUV-A,SUV-B
201501,18501524.0,7415078.0,7729761.0,3356685.0,3.5,55.0,70.0,6000.0,16791.0,16600.1,1660.3,1785.0,2863.3,2404.7,2003.6,1515.8,,
201502,18499300.0,7249983.0,7808851.0,3440467.0,4.576,50.56,67.57,6109.26,18629.6,18595.8,1776.8,1843.4,3072.1,2312.0,2418.6,1935.2,,
201503,18512752.0,7294016.0,7969842.0,3248894.0,4.761,54.71,69.51,6040.92,17456.0,17421.8,1719.3,1897.6,2377.8,2609.7,2378.2,1614.0,,
201504,18518203.0,7553670.0,7671700.0,3292833.0,4.307,57.44,67.42,5868.29,14141.1,13968.5,1383.5,1404.8,2218.8,1651.4,1716.8,1613.8,,
201505,18508245.0,7484943.0,7751160.0,3272141.0,5.103,55.33,65.83,5876.58,12858.5,12869.9,1268.7,1489.1,2138.0,1649.4,1818.1,1085.6,,
201506,18515989.0,7331163.0,7869246.0,3315580.0,5.16,50.88,71.33,5822.73,14216.1,14373.3,1593.7,1710.1,2421.5,1841.0,1125.8,1271.8,,
201507,18527639.0,7443445.0,7837351.0,3246844.0,5.395,42.03,67.21,5625.71,12842.9,12923.2,1288.6,1357.8,2093.4,2124.3,1934.4,1116.6,,
201508,18529919.0,7381850.0,7749392.0,3398676.0,6.026,40.45,57.61,6041.46,12920.2,12798.5,1265.6,1428.8,2099.1,1855.6,1613.5,1125.0,,
201509,18535916.0,7417304.0,7780087.0,3338524.0,5.61,47.76,64.11,6404.5,13239.8,13239.2,1162.6,1396.0,2461.3,1778.3,1839.1,1582.8,,
201510,18536235.0,7644484.0,7643428.0,3248323.0,5.288,49.12,74.35,6637.71,13431.2,13363.0,1270.6,1416.5,2415.7,1970.2,1276.9,1475.5,,
201511,18549397.0,7486067.0,7776605.0,3286725.0,4.812,47.49,72.78,6459.54,15986.8,15827.8,1565.7,1810.6,1777.7,1655.8,1663.1,1986.5,,
201512,18553389.0,7388626.0,7776375.0,3388388.0,4.585,48.93,65.09,6636.54,15430.0,15517.2,1496.4,1699.0,2362.4,2125.8,1867.8,2093.0,,
201601,18554330.0,7291007.0,7833509.0,3429814.0,4.756,44.3,63.89,6770.47,16745.1,16557.3,1802.9,1989.2,2560.3,2775.7,1946.9,1368.2,,
201602,18564136.0,7292984.0,7751171.0,3519982.0,4.922,43.46,62.8,6864.98,16904.6,16809.1,1675.2,1794.9,2199.0,2340.5,2048.5,1665.7,,
201603,18565338.0,7107405.0,7867295.0,3590637.0,4.968,43.81,62.09,7120.91,18404.1,18751.4,2033.2,2168.5,2960.8,2587.0,2474.0,1541.7,,
201604,18563204.0,7228346.0,7927904.0,3406954.0,4.389,43.6,57.69,7253.98,19064.7,18660.9,1887.0,2056.6,3230.8,2690.8,1747.6,1629.7,,
201605,18573844.0,7428774.0,7838148.0,3306921.0,3.465,46.02,60.05,7407.99,15700.1,15818.9,1598.1,1809.3,2198.6,2385.4,2096.2,1386.4,,
201606,18571706.0,7487356.0,7860361.0,3223989.0,3.339,47.11,62.2,7541.37,12502.7,12821.0,1286.2,1370.5,2083.1,1249.8,1501.4,985.1,,
201607,18585392.0,7344208.0,7834095.0,3407090.0,3.001,49.16,56.27,7615.53,13404.4,13617.9,1374.4,1487.8,1891.1,1434.4,1539.1,1062.0,,
201608,18585250.0,7426844.0,7829356.0,3329050.0,2.965,47.15,59.12,7264.8,13550.5,13761.2,1531.1,1497.7,1971.1,1924.2,1236.5,1300.8,,
201609,18589076.0,7475735.0,7751719.0,3361622.0,2.993,49.89,67.38,7287.53,14084.8,14073.8,1225.6,1470.5,2553.6,1732.5,1764.0,1061.0,,
201610,18591095.0,7371823.0,7869591.0,3349681.0,2.807,54.83,68.12,7182.29,15384.6,15448.0,1375.5,1752.5,2258.2,2422.6,1191.8,1706.7,,
201611,18605113.0,7384931.0,7830575.0,3389607.0,2.825,51.97,66.82,6932.32,16683.3,16768.0,1640.6,1900.7,2709.9,2191.3,2107.9,1392.0,,
201612,18602727.0,7046132.0,8075302.0,3481294.0,2.649,49.35,66.3,7274.68,19424.6,19245.7,1948.4,2174.5,2505.3,2117.8,1856.8,2560.6,,
201701,18605858.0,7169427.0,8019872.0,3416560.0,2.573,53.41,68.81,7626.48,20897.7,20791.7,2190.2,2466.3,3672.5,2489.0,2418.5,1891.5,1043.9,
201702,18610739.0,7323843.0,7890614.0,3396282.0,2.066,52.89,61.94,7904.33,19222.5,19131.8,1991.4,2258.9,3097.0,1890.6,2179.9,1859.4,712.3,
201703,18619662.0,7517458.0,7767285.0,3334919.0,1.746,57.15,62.65,7961.37,18054.6,17944.3,1776.4,1921.8,2713.5,2355.7,2361.7,1400.6,1150.4,
201704,18623327.0,7602009.0,7731019.0,3290300.0,1.567,55.87,61.14,8237.5,18337.5,18169.6,1952.6,2027.1,2933.3,2393.6,2047.4,2169.9,943.2,
201705,18628064.0,7254359.0,7991691.0,3382014.0,1.62,60.28,68.58,8245.91,16368.7,16903.2,1818.5,1784.3,2238.5,2160.9,1769.7,1899.2,718.2,
201706,18632654.0,7324129.0,7891112.0,3417413.0,1.265,60.73,67.93,8292.47,17350.6,17446.0,1789.2,1908.9,2965.6,2605.9,1875.8,1742.9,885.4,
201707,18645708.0,7165498.0,7922205.0,3558006.0,1.25,61.55,74.65,8079.77,16466.0,17022.7,1826.1,1798.5,2520.1,2575.6,2269.0,1289.0,1272.2,
201708,18637468.0,7529626.0,7671166.0,3436676.0,0.985,66.3,70.29,8165.17,15190.3,15182.1,1566.6,1805.8,2265.2,1984.1,1871.2,1500.3,1051.0,
201709,18641439.0,7165230.0,7972905.0,3503303.0,0.798,65.26,72.69,8183.25,18597.4,18598.7,1827.0,2071.6,2710.0,1945.2,2028.3,1490.2,1076.0,
201710,18644431.0,7326248.0,7922513.0,3395670.0,0.973,62.49,74.01,7928.72,16897.9,16637.0,1760.8,1794.6,2385.0,2368.2,1838.5,1946.9,1151.3,
201711,18656080.0,7553580.0,7753543.0,3348957.0,0.191,61.19,70.59,7924.48,19930.8,19582.0,2004.5,2277.6,3147.0,2740.5,1838.2,2060.6,888.6,
201712,18663145.0,7464909.0,7829267.0,3368969.0,-0.314,62.6,71.35,7914.53,19382.1,19323.3,1966.3,1857.0,2993.4,2640.6,2294.2,1854.7,1177.2,
201801,18661430.0,7360415.0,7912116.0,3388899.0,-0.849,57.95,76.25,8280.04,19957.5,20108.5,2224.8,1950.8,3206.6,2908.5,1842.8,1293.2,1259.4,1142.9
201802,18662299.0,7167809.0,7890074.0,3604416.0,-1.483,59.92,75.0,8464.89,23206.7,23039.1,2007.7,2623.0,3479.5,2755.2,2799.2,1930.2,1290.2,1026.9
201803,18666878.0,7424848.0,7854654.0,3387375.0,-1.432,58.35,68.28,8473.18,20216.7,20378.0,1903.2,2229.6,3202.9,3192.5,2338.1,2093.6,1360.1,1029.4
201804,18678753.0,7280828.0,7882043.0,3515882.0,-1.085,61.84,68.26,8528.93,20335.5,20335.9,1928.4,2247.7,2958.7,2440.6,2894.3,2217.8,1059.6,1188.0
201805,18683716.0,7425972.0,7868737.0,3389007.0,-1.069,54.71,64.7,8543.78,19817.2,19528.4,1949.3,1973.2,3494.5,2757.2,1927.8,2113.0,1338.2,853.0
201806,18687216.0,7241296.0,7916815.0,3529105.0,-0.855,52.4,63.38,8509.19,19026.8,19187.3,1928.8,2088.3,2489.2,2099.2,2135.2,1402.7,1333.3,1205.4
201807,18685672.0,7130102.0,8065277.0,3490293.0,-0.301,47.39,63.11,8298.71,17595.8,17385.7,1617.8,2103.2,2921.7,2048.1,2404.4,1704.4,359.1,622.3
201808,18694661.0,7623399.0,7617452.0,3453810.0,0.36,44.96,56.34,8274.5,16409.0,16244.0,1563.3,1849.7,2773.4,2506.6,2121.4,1773.5,1319.3,891.0
201809,18698583.0,7351363.0,7881682.0,3465538.0,0.554,45.76,49.92,8131.28,17404.3,17657.2,1713.4,1940.8,2425.7,2243.6,1805.0,1234.6,354.0,1123.4
201810,18703593.0,7349298.0,7931429.0,3422867.0,1.262,45.27,51.9,7887.21,18591.8,18324.1,2143.8,1946.8,3291.3,2602.2,2106.5,1706.7,1009.6,1095.9
201811,18711357.0,7252954.0,7949382.0,3509021.0,1.542,44.56,49.86,7995.46,19102.3,18904.2,2138.3,2013.0,3064.8,2523.2,2112.5,1828.4,1462.4,1444.0
201812,18712618.0,7392290.0,7876175.0,3444152.0,1.505,44.13,39.65,8079.71,20166.8,20136.0,2011.2,1934.1,3237.4,2594.1,2316.5,1796.5,1211.4,841.7
201901,18719395.0,7604618.0,7724739.0,3390037.0,1.558,44.79,42.84,7728.37,16664.1,16856.8,1689.4,1860.1,2509.9,2531.0,1702.5,1101.3,719.0,523.7
201902,18720838.0,7371369.0,7960749.0,3388720.0,1.301,41.81,43.98,7709.83,19609.7,19865.7,1898.3,2261.7,2890.6,2517.6,2186.3,1759.1,1011.9,779.7
201903,18726446.0,7104106.0,8121611.0,3500728.0,1.247,43.99,41.18,7914.97,20327.0,20492.3,1865.8,2034.8,2980.5,2208.6,1875.1,1813.7,1588.7,1230.7
201904,18732656.0,7364028.0,7759007.0,3609621.0,1.369,46.02,35.96,8132.82,19436.0,19279.0,1963.5,2019.6,2946.3,2291.8,2170.3,1743.4,778.5,1131.6
201905,18726714.0,7194998.0,8027199.0,3504517.0,1.885,47.23,39.35,8343.99,17812.3,18071.3,1745.9,1838.9,3016.2,2470.4,2111.9,1525.3,1467.7,973.9
201906,18736902.0,7350250.0,7898769.0,3487883.0,2.705,48.95,40.8,8357.77,16361.3,16254.6,1660.3,1672.3,2439.3,2193.6,1738.6,1385.5,1057.4,576.2
201907,18740648.0,7287763.0,7931643.0,3521242.0,2.418,49.89,50.38,8194.76,17377.2,17707.1,1648.5,1929.6,2375.8,1886.4,1549.0,1617.4,874.1,1129.5
201908,18744306.0,7320621.0,7822922.0,3600762.0,2.728,56.04,52.11,7984.02,15216.3,15263.0,1498.5,1467.1,2446.7,1779.4,1927.6,1511.0,869.2,505.8
201909,18750624.0,7320166.0,7907637.0,3522821.0,2.509,55.83,53.71,8058.94,16230.8,16204.1,1680.2,1819.5,2605.2,1932.6,1872.3,1408.2,828.1,1155.7
201910,18763975.0,7185072.0,8098537.0,3480366.0,2.791,54.96,53.09,8140.8,17473.0,16854.8,1770.6,1906.2,2629.9,2066.6,1668.1,1439.0,1347.5,1619.1
201911,18756671.0,7145583.0,8015900.0,3595188.0,2.829,52.75,56.41,8404.26,18033.1,18413.5,1940.9,1971.0,2876.2,2009.6,1947.2,1704.2,1424.2,1084.5
201912,18770341.0,7068587.0,8152470.0,3549284.0,2.483,49.7,58.96,8630.26,20535.3,20091.7,1909.3,1881.4,2862.4,2406.8,1822.5,1351.1,930.4,1233.9
202001,18761586.0,7041082.0,8087453.0,3633050.0,2.825,46.02,64.02,8609.81,21274.0,21226.3,2295.2,2176.2,2858.3,2522.1,2061.6,2050.9,1342.5,1031.5
202002,18772826.0,7226428.0,8010387.0,3536011.0,2.596,43.4,61.98,8366.97,21490.7,21358.9,2098.5,2474.9,2887.7,2909.5,2194.1,1940.3,1243.0,714.5
202003,18779814.0,7184235.0,8161650.0,3433929.0,2.432,43.24,60.29,8309.15,21850.8,21812.1,2331.7,2002.0,2756.5,2972.0,2681.1,1988.3,1819.7,1046.4
202004,18786431.0,7341055.0,8018687.0,3426689.0,2.348,44.29,58.42,8358.6,19255.1,19127.5,1971.8,2034.0,2830.4,2388.3,1918.5,1972.2,980.4,781.1
202005,18791556.0,7068664.0,8065986.0,3656907.0,2.232,44.5,61.64,8324.18,19552.9,19598.1,1860.7,1985.7,2813.8,2382.3,2286.1,1283.5,1757.2,723.2
202006,18796467.0,7188266.0,7942520.0,3665681.0,2.236,42.25,67.68,8214.6,16729.2,16372.1,1659.4,1853.4,2254.1,2103.6,1638.5,984.1,1129.5,1340.9
202007,18795256.0,7286335.0,7984211.0,3524711.0,1.998,45.0,65.9,8271.18,16139.0,16250.2,1714.3,1694.9,1603.7,1845.7,1819.0,1532.6,843.8,975.6
202008,18799188.0,7385743.0,7900963.0,3512483.0,1.916,47.27,64.25,8176.39,16803.1,16522.5,1768.4,1829.8,2066.1,1794.0,1748.1,1484.4,988.9,1021.5
202009,18810290.0,7057308.0,8097281.0,3655700.0,1.825,46.84,65.55,8056.77,17924.5,18099.4,1856.2,2021.6,2880.7,2040.4,2168.7,1667.9,1073.8,942.1
202010,18809543.0,7491333.0,7853552.0,3464658.0,2.053,44.93,64.62,8125.06,16413.2,16428.0,1850.5,1959.7,2190.3,1903.2,1633.6,1357.2,842.8,886.0
202011,18808622.0,7250124.0,8075684.0,3482813.0,1.685,46.63,68.48,8050.66,19029.4,19340.4,2118.6,2070.1,2859.7,2132.5,1684.0,1897.1,1396.9,1339.7
202012,18813834.0,7242616.0,7969341.0,3601877.0,0.912,47.24,59.52,8105.49,20751.0,20610.3,2102.5,2277.1,2598.8,2618.7,1864.3,2074.7,1162.5,1167.5
202101,18819403.0,7165505.0,8126735.0,3527162.0,1.024,42.95,56.26,8166.13,22902.5,22416.5,2423.2,2225.7,3559.0,2981.8,2266.5,2120.6,1059.9,1416.7
202102,18830986.0,7184466.0,8085496.0,3561024.0,0.647,42.79,53.18,7944.24,21998.6,22024.2,2538.3,2539.8,3102.0,2349.0,2041.2,1896.0,1488.6,1217.8
202103,18833712.0,7072936.0,8208809.0,3551967.0,0.781,43.63,43.95,7853.99,21518.8,21582.6,2492.0,2235.7,3142.4,2692.4,2405.0,1391.8,1107.5,1161.1
202104,18840952.0,7157490.0,8090016.0,3593446.0,0.667,40.98,40.15,8147.55,20718.7,21071.0,2030.9,2207.4,3573.5,2563.1,2127.6,2062.4,1339.6,870.4
202105,18839864.0,7333147.0,7830496.0,3676221.0,0.386,41.6,36.54,7921.13,16228.8,16284.8,1599.8,1758.2,2687.6,2105.3,2325.1,1748.3,958.3,454.0
202106,18847293.0,7261505.0,8005041.0,3580747.0,0.291,37.28,35.78,7503.8,17979.9,18420.0,2077.0,1818.0,2530.2,2277.7,1520.7,1790.4,1128.7,1011.8
202107,18854128.0,7343801.0,7884192.0,3626134.0,0.777,41.34,40.28,7137.43,13142.9,13325.4,1299.9,1458.1,1734.3,1283.9,1462.9,956.7,1478.3,796.6
202108,18853953.0,7469346.0,7959328.0,3425279.0,1.332,45.14,39.35,7149.25,14044.2,13996.5,1343.9,1593.2,1892.7,1411.7,1198.6,1402.2,1045.6,503.7
202109,18862284.0,7088336.0,8193789.0,3580158.0,1.211,44.43,35.28,7161.44,18186.7,17833.9,1802.7,1957.4,2638.5,2204.5,1759.9,1784.5,1381.1,1047.1
202110,18861190.0,7243126.0,8095698.0,3522367.0,1.151,45.57,35.1,7143.92,18852.3,18090.1,1927.9,1780.8,2516.4,2482.1,1942.4,1978.9,900.0,1088.7
202111,18867185.0,7421448.0,7948237.0,3497500.0,1.444,38.39,39.35,7392.75,16691.6,16839.7,1742.7,1805.3,2264.1,1514.0,1190.9,1257.8,1092.8,466.0
202112,18871591.0,7429492.0,7915708.0,3526391.0,1.097,34.97,35.5,6864.19,18784.3,18388.4,1843.4,2066.4,2942.6,2340.3,1991.1,1553.3,1431.1,873.1
202201,18872021.0,7266479.0,8035644.0,3569898.0,1.196,34.14,31.9,6949.37,21888.0,21808.2,2184.2,2107.4,3021.1,2965.9,2763.0,2092.9,1383.8,1413.8
202202,18884935.0,7314968.0,7900839.0,3669128.0,1.204,30.97,34.19,7267.66,20237.3,20283.3,2027.8,2057.3,3406.4,2439.3,2010.3,1784.1,1758.4,1321.9
202203,18884653.0,7418819.0,7963781.0,3502054.0,1.365,33.17,33.35,7048.1,21926.6,21785.2,2157.2,2464.1,3058.7,2794.0,2341.9,1618.2,1350.6,1032.6
202204,18891562.0,7203927.0,8079393.0,3608242.0,1.157,39.21,35.99,6978.14,20133.8,20115.1,2374.4,2201.5,3244.7,2272.8,2355.0,1852.7,1459.2,1264.2
202205,18898404.0,7146207.0,8179202.0,3572995.0,0.717,35.73,35.99,6833.57,19865.5,19832.6,2105.9,2187.0,2843.7,2380.2,2024.8,1866.1,1368.7,1467.8
202206,18902733.0,7194376.0,8120347.0,3588009.0,0.137,33.27,38.84,6660.7,19712.0,19833.5,2177.1,2358.8,2990.5,2000.8,1917.0,1740.6,1562.3,1411.2
202207,18908327.0,7421267.0,7795001.0,3692059.0,-0.082,34.02,34.75,6601.44,16488.7,16841.9,1710.6,1862.1,2149.8,1453.5,1179.3,1511.7,1136.7,1013.6
202208,18909008.0,7158566.0,8091029.0,3659412.0,-0.046,38.91,34.76,6892.94,16196.8,16580.7,1715.0,1851.6,2077.4,2240.1,1878.3,1367.1,1214.0,908.4
202209,18911884.0,7121929.0,8067158.0,3722797.0,0.069,35.29,33.96,7266.42,18032.7,17857.7,1791.5,2213.7,2577.9,1908.8,1818.9,1908.9,1326.7,951.3
202210,18918101.0,7194737.0,8109875.0,3613489.0,0.982,36.09,30.0,7205.23,17943.9,18018.7,1599.0,1917.1,2728.0,2056.8,1607.4,1325.3,1220.1,1239.9
202211,18914563.0,7094282.0,8246067.0,3574214.0,1.616,41.6,30.0,7592.24,17970.5,18132.6,1748.6,1865.2,2502.2,1834.0,1900.8,1410.8,1539.2,1183.2
202212,18920264.0,7474763.0,7832117.0,3613384.0,1.536,36.69,32.79,7605.36,18563.9,18561.5,1742.7,2045.3,2225.0,1875.8,1764.1,1594.4,1516.7,1323.0
202301,18925387.0,7270691.0,8002664.0,3652032.0,1.919,32.9,31.44,7962.1,19983.6,19748.1,1803.0,2176.9,2364.6,2323.2,1896.4,1910.2,1534.0,1277.9
202302,18931514.0,7140145.0,8140780.0,3650588.0,2.038,31.68,30.0,7949.44,22188.1,22128.2,2161.4,2310.5,2668.6,2464.8,2420.6,1516.5,1642.7,1605.0
202303,18942999.0,7483314.0,7900060.0,3559625.0,2.195,30.17,30.0,7981.65,19082.7,19272.3,2174.9,1953.4,2188.4,2396.0,1638.1,1316.4,1729.4,1247.8
202304,18940973.0,7042393.0,8247954.0,3650625.0,2.507,32.66,34.56,8060.74,20491.7,20121.5,2106.4,2442.4,2768.7,2511.8,2317.8,1203.9,1544.7,1479.1
202305,18948109.0,7156896.0,8126405.0,3664809.0,2.959,33.43,30.0,8702.51,18935.8,18497.6,2085.5,2024.8,2796.9,2281.4,1537.3,1580.5,1403.1,1401.6
202306,18960996.0,6930097.0,8187602.0,3843297.0,3.057,28.16,30.0,8878.77,18759.3,18621.1,2002.1,1919.5,2524.7,2271.7,1730.3,1300.4,1521.5,995.1
202307,18957219.0,7134896.0,8026000.0,3796323.0,3.626,29.75,30.0,8743.32,17236.3,16988.2,1865.2,1918.7,1737.1,2408.9,2207.4,1342.8,1793.4,643.4
202308,18967188.0,7184557.0,8189069.0,3593562.0,3.399,28.07,35.89,8943.12,15488.3,15205.0,1516.6,1623.4,2009.2,1532.9,1824.5,1450.9,895.0,1369.9
202309,18963332.0,7107559.0,8217649.0,3638124.0,3.547,31.94,37.08,8876.75,15942.8,15677.1,1698.5,1659.9,2076.3,1838.7,1612.2,1162.8,1465.4,1082.5
202310,18971473.0,7291335.0,8127327.0,3552811.0,4.572,30.11,40.19,8784.8,17273.2,17115.5,1876.2,1895.5,2831.2,2301.9,1495.2,1499.8,921.6,687.3
202311,18972250.0,7221593.0,8129098.0,3621559.0,4.734,28.25,35.68,8972.52,17185.2,17032.4,1734.6,1696.4,1927.6,2321.5,1586.6,1357.6,1447.6,936.1
202312,18979805.0,7147931.0,8137694.0,3694180.0,5.287,29.92,31.26,8984.74,17339.5,17205.4,1870.3,1883.0,2213.4,1666.7,1751.6,1612.4,1806.3,1323.0
202401,18990202.0,7209756.0,8014243.0,3766202.0,5.336,32.26,33.1,9046.45,19027.7,19346.2,2104.8,2297.9,3020.4,2191.6,1954.8,1740.0,1716.3,1205.4
202402,18981863.0,7268342.0,8093515.0,3620006.0,5.522,33.66,33.38,9055.25,19421.1,19219.1,1963.3,2115.5,2684.8,2590.3,1906.5,1434.7,1632.1,1143.5
202403,18997172.0,7265438.0,8100740.0,3630994.0,5.451,28.65,35.62,9128.57,16904.7,17255.7,1704.2,1811.7,2446.2,2144.2,1721.3,1398.7,1292.1,1496.0
202404,19000689.0,7315527.0,8164603.0,3520559.0,5.307,30.31,34.92,9219.56,17759.3,17973.6,1769.4,1872.5,2425.6,2146.2,1744.1,1759.0,1505.0,935.9
202405,19001029.0,7090900.0,8236293.0,3673836.0,4.919,27.26,36.09,8838.17,18926.0,18563.0,1969.9,1944.3,2553.6,2107.8,1492.8,1642.8,1488.9,1042.0
202406,19001270.0,7390402.0,8002995.0,3607873.0,4.924,28.02,36.77,8977.48,16142.5,15941.6,1715.5,1684.2,2312.7,1757.6,1459.6,974.7,1141.0,1122.8
202407,19013361.0,7244429.0,8115852.0,3653080.0,4.453,23.8,39.93,8787.08,16607.3,16244.9,1639.8,1703.8,1952.3,1957.4,1844.7,1510.6,1295.3,1191.9
202408,19014853.0,7084498.0,8301037.0,3629318.0,4.49,25.19,43.21,8504.62,14631.6,14691.4,1556.0,1654.6,2164.7,1638.9,1116.8,944.6,1291.0,1117.2
202409,19023163.0,7278362.0,8051969.0,3692833.0,4.652,22.82,36.78,8498.93,15434.5,15706.0,1715.5,1518.8,1732.5,1805.6,1509.4,1650.4,1140.1,1293.3
202410,19026609.0,7411614.0,8045716.0,3569279.0,4.546,20.0,30.0,8521.73,15346.2,15401.7,1687.4,1728.8,2113.9,1797.5,1318.9,1525.9,1109.1,1098.2
202411,19039009.0,7273619.0,8169268.0,3596123.0,4.198,22.19,34.06,8389.03,17067.5,17041.4,1963.4,1785.5,2288.7,1794.0,1710.8,1475.0,1115.3,1286.6
202412,19034303.0,6921032.0,8241847.0,3871425.0,4.1,22.97,38.86,8561.24,21067.0,21042.1,2390.6,2299.6,2611.7,2553.1,1977.2,1767.9,1901.0,1377.8
202501,19034883.0,7272869.0,8148235.0,3613778.0,3.731,21.17,34.83,8298.8,21244.5,20889.3,2088.8,2093.9,2735.0,3126.7,2424.9,1660.7,1932.8,1452.9
202502,19045396.0,7108155.0,8304563.0,3632678.0,3.797,25.58,30.0,8223.41,22113.3,22233.7,2582.5,2555.7,2756.1,2103.5,2310.4,1989.5,1976.7,1561.9
202503,19050100.0,6936680.0,8253915.0,3859506.0,2.9,24.31,30.45,8112.44,23002.1,22881.2,2354.8,2618.2,2723.1,2698.2,1915.3,1776.7,2222.8,1639.0
202504,19060296.0,6857014.0,8257891.0,3945391.0,2.535,24.45,34.22,8109.12,21025.7,21342.2,2399.3,2404.9,2696.3,2246.6,2256.4,1799.4,1876.6,1676.8
202505,19062176.0,7197780.0,8227070.0,3637325.0,1.603,25.31,41.46,8170.89,19713.0,19580.8,2087.5,1915.2,2274.2,2375.8,1719.0,1811.9,1805.4,1504.7
